# Replay Log Generated by Rust ECS Framework
# Session ID: 1758544158
# Generated: Unix timestamp: 1758544158
# Format: Component changes and world operations per update

UPDATE 1
SYSTEMS: 3
  SYSTEM 0
    COMPONENT_CHANGES: 3
      Modified { entity: Entity { id: 0, generation: 0 }, type_name: "Position", diff_string: "PositionDiff { x: Some(0), y: Some(1) }" }
      Modified { entity: Entity { id: 1, generation: 0 }, type_name: "Position", diff_string: "PositionDiff { x: Some(1), y: Some(2) }" }
      Modified { entity: Entity { id: 2, generation: 0 }, type_name: "Position", diff_string: "PositionDiff { x: Some(2), y: Some(3) }" }
    WORLD_OPERATIONS: 0
  SYSTEM 1
    COMPONENT_CHANGES: 1
      Modified { entity: Entity { id: 0, generation: 0 }, type_name: "WaitTimer", diff_string: "WaitTimerDiff { ticks: Some(5) }" }
    WORLD_OPERATIONS: 0
  SYSTEM 2
    COMPONENT_CHANGES: 0
    WORLD_OPERATIONS: 0

UPDATE 2
SYSTEMS: 3
  SYSTEM 0
    COMPONENT_CHANGES: 3
      Modified { entity: Entity { id: 0, generation: 0 }, type_name: "Position", diff_string: "PositionDiff { x: Some(1), y: Some(2) }" }
      Modified { entity: Entity { id: 1, generation: 0 }, type_name: "Position", diff_string: "PositionDiff { x: Some(2), y: Some(3) }" }
      Modified { entity: Entity { id: 2, generation: 0 }, type_name: "Position", diff_string: "PositionDiff { x: Some(3), y: Some(4) }" }
    WORLD_OPERATIONS: 0
  SYSTEM 1
    COMPONENT_CHANGES: 0
    WORLD_OPERATIONS: 0
  SYSTEM 2
    COMPONENT_CHANGES: 0
    WORLD_OPERATIONS: 0

UPDATE 3
SYSTEMS: 3
  SYSTEM 0
    COMPONENT_CHANGES: 3
      Modified { entity: Entity { id: 0, generation: 0 }, type_name: "Position", diff_string: "PositionDiff { x: Some(2), y: Some(3) }" }
      Modified { entity: Entity { id: 1, generation: 0 }, type_name: "Position", diff_string: "PositionDiff { x: Some(3), y: Some(4) }" }
      Modified { entity: Entity { id: 2, generation: 0 }, type_name: "Position", diff_string: "PositionDiff { x: Some(4), y: Some(5) }" }
    WORLD_OPERATIONS: 0
  SYSTEM 1
    COMPONENT_CHANGES: 0
    WORLD_OPERATIONS: 0
  SYSTEM 2
    COMPONENT_CHANGES: 0
    WORLD_OPERATIONS: 0

UPDATE 4
SYSTEMS: 3
  SYSTEM 0
    COMPONENT_CHANGES: 3
      Modified { entity: Entity { id: 0, generation: 0 }, type_name: "Position", diff_string: "PositionDiff { x: Some(3), y: Some(4) }" }
      Modified { entity: Entity { id: 1, generation: 0 }, type_name: "Position", diff_string: "PositionDiff { x: Some(4), y: Some(5) }" }
      Modified { entity: Entity { id: 2, generation: 0 }, type_name: "Position", diff_string: "PositionDiff { x: Some(5), y: Some(6) }" }
    WORLD_OPERATIONS: 0
  SYSTEM 1
    COMPONENT_CHANGES: 0
    WORLD_OPERATIONS: 0
  SYSTEM 2
    COMPONENT_CHANGES: 0
    WORLD_OPERATIONS: 0

UPDATE 5
SYSTEMS: 3
  SYSTEM 0
    COMPONENT_CHANGES: 3
      Modified { entity: Entity { id: 0, generation: 0 }, type_name: "Position", diff_string: "PositionDiff { x: Some(4), y: Some(5) }" }
      Modified { entity: Entity { id: 1, generation: 0 }, type_name: "Position", diff_string: "PositionDiff { x: Some(5), y: Some(6) }" }
      Modified { entity: Entity { id: 2, generation: 0 }, type_name: "Position", diff_string: "PositionDiff { x: Some(6), y: Some(7) }" }
    WORLD_OPERATIONS: 0
  SYSTEM 1
    COMPONENT_CHANGES: 0
    WORLD_OPERATIONS: 0
  SYSTEM 2
    COMPONENT_CHANGES: 0
    WORLD_OPERATIONS: 0

UPDATE 6
SYSTEMS: 3
  SYSTEM 0
    COMPONENT_CHANGES: 3
      Modified { entity: Entity { id: 0, generation: 0 }, type_name: "Position", diff_string: "PositionDiff { x: Some(5), y: Some(6) }" }
      Modified { entity: Entity { id: 1, generation: 0 }, type_name: "Position", diff_string: "PositionDiff { x: Some(6), y: Some(7) }" }
      Modified { entity: Entity { id: 2, generation: 0 }, type_name: "Position", diff_string: "PositionDiff { x: Some(7), y: Some(8) }" }
    WORLD_OPERATIONS: 0
  SYSTEM 1
    COMPONENT_CHANGES: 0
    WORLD_OPERATIONS: 0
  SYSTEM 2
    COMPONENT_CHANGES: 0
    WORLD_OPERATIONS: 0

UPDATE 7
SYSTEMS: 3
  SYSTEM 0
    COMPONENT_CHANGES: 3
      Modified { entity: Entity { id: 0, generation: 0 }, type_name: "Position", diff_string: "PositionDiff { x: Some(6), y: Some(7) }" }
      Modified { entity: Entity { id: 1, generation: 0 }, type_name: "Position", diff_string: "PositionDiff { x: Some(7), y: Some(8) }" }
      Modified { entity: Entity { id: 2, generation: 0 }, type_name: "Position", diff_string: "PositionDiff { x: Some(8), y: Some(9) }" }
    WORLD_OPERATIONS: 0
  SYSTEM 1
    COMPONENT_CHANGES: 0
    WORLD_OPERATIONS: 0
  SYSTEM 2
    COMPONENT_CHANGES: 0
    WORLD_OPERATIONS: 0

UPDATE 8
SYSTEMS: 3
  SYSTEM 0
    COMPONENT_CHANGES: 3
      Modified { entity: Entity { id: 0, generation: 0 }, type_name: "Position", diff_string: "PositionDiff { x: Some(7), y: Some(8) }" }
      Modified { entity: Entity { id: 1, generation: 0 }, type_name: "Position", diff_string: "PositionDiff { x: Some(8), y: Some(9) }" }
      Modified { entity: Entity { id: 2, generation: 0 }, type_name: "Position", diff_string: "PositionDiff { x: Some(9), y: Some(0) }" }
    WORLD_OPERATIONS: 0
  SYSTEM 1
    COMPONENT_CHANGES: 0
    WORLD_OPERATIONS: 0
  SYSTEM 2
    COMPONENT_CHANGES: 0
    WORLD_OPERATIONS: 0

UPDATE 9
SYSTEMS: 3
  SYSTEM 0
    COMPONENT_CHANGES: 3
      Modified { entity: Entity { id: 0, generation: 0 }, type_name: "Position", diff_string: "PositionDiff { x: Some(8), y: Some(9) }" }
      Modified { entity: Entity { id: 1, generation: 0 }, type_name: "Position", diff_string: "PositionDiff { x: Some(9), y: Some(0) }" }
      Modified { entity: Entity { id: 2, generation: 0 }, type_name: "Position", diff_string: "PositionDiff { x: Some(0), y: Some(1) }" }
    WORLD_OPERATIONS: 0
  SYSTEM 1
    COMPONENT_CHANGES: 0
    WORLD_OPERATIONS: 0
  SYSTEM 2
    COMPONENT_CHANGES: 0
    WORLD_OPERATIONS: 0

UPDATE 10
SYSTEMS: 3
  SYSTEM 0
    COMPONENT_CHANGES: 3
      Modified { entity: Entity { id: 0, generation: 0 }, type_name: "Position", diff_string: "PositionDiff { x: Some(9), y: Some(0) }" }
      Modified { entity: Entity { id: 1, generation: 0 }, type_name: "Position", diff_string: "PositionDiff { x: Some(0), y: Some(1) }" }
      Modified { entity: Entity { id: 2, generation: 0 }, type_name: "Position", diff_string: "PositionDiff { x: Some(1), y: Some(2) }" }
    WORLD_OPERATIONS: 0
  SYSTEM 1
    COMPONENT_CHANGES: 0
    WORLD_OPERATIONS: 0
  SYSTEM 2
    COMPONENT_CHANGES: 0
    WORLD_OPERATIONS: 0

UPDATE 11
SYSTEMS: 3
  SYSTEM 0
    COMPONENT_CHANGES: 3
      Modified { entity: Entity { id: 0, generation: 0 }, type_name: "Position", diff_string: "PositionDiff { x: Some(0), y: Some(1) }" }
      Modified { entity: Entity { id: 1, generation: 0 }, type_name: "Position", diff_string: "PositionDiff { x: Some(1), y: Some(2) }" }
      Modified { entity: Entity { id: 2, generation: 0 }, type_name: "Position", diff_string: "PositionDiff { x: Some(2), y: Some(3) }" }
    WORLD_OPERATIONS: 0
  SYSTEM 1
    COMPONENT_CHANGES: 1
      Modified { entity: Entity { id: 0, generation: 0 }, type_name: "WaitTimer", diff_string: "WaitTimerDiff { ticks: Some(5) }" }
    WORLD_OPERATIONS: 0
  SYSTEM 2
    COMPONENT_CHANGES: 0
    WORLD_OPERATIONS: 0

UPDATE 12
SYSTEMS: 3
  SYSTEM 0
    COMPONENT_CHANGES: 3
      Modified { entity: Entity { id: 0, generation: 0 }, type_name: "Position", diff_string: "PositionDiff { x: Some(1), y: Some(2) }" }
      Modified { entity: Entity { id: 1, generation: 0 }, type_name: "Position", diff_string: "PositionDiff { x: Some(2), y: Some(3) }" }
      Modified { entity: Entity { id: 2, generation: 0 }, type_name: "Position", diff_string: "PositionDiff { x: Some(3), y: Some(4) }" }
    WORLD_OPERATIONS: 0
  SYSTEM 1
    COMPONENT_CHANGES: 0
    WORLD_OPERATIONS: 0
  SYSTEM 2
    COMPONENT_CHANGES: 0
    WORLD_OPERATIONS: 0

UPDATE 13
SYSTEMS: 3
  SYSTEM 0
    COMPONENT_CHANGES: 3
      Modified { entity: Entity { id: 0, generation: 0 }, type_name: "Position", diff_string: "PositionDiff { x: Some(2), y: Some(3) }" }
      Modified { entity: Entity { id: 1, generation: 0 }, type_name: "Position", diff_string: "PositionDiff { x: Some(3), y: Some(4) }" }
      Modified { entity: Entity { id: 2, generation: 0 }, type_name: "Position", diff_string: "PositionDiff { x: Some(4), y: Some(5) }" }
    WORLD_OPERATIONS: 0
  SYSTEM 1
    COMPONENT_CHANGES: 0
    WORLD_OPERATIONS: 0
  SYSTEM 2
    COMPONENT_CHANGES: 0
    WORLD_OPERATIONS: 0

UPDATE 14
SYSTEMS: 3
  SYSTEM 0
    COMPONENT_CHANGES: 3
      Modified { entity: Entity { id: 0, generation: 0 }, type_name: "Position", diff_string: "PositionDiff { x: Some(3), y: Some(4) }" }
      Modified { entity: Entity { id: 1, generation: 0 }, type_name: "Position", diff_string: "PositionDiff { x: Some(4), y: Some(5) }" }
      Modified { entity: Entity { id: 2, generation: 0 }, type_name: "Position", diff_string: "PositionDiff { x: Some(5), y: Some(6) }" }
    WORLD_OPERATIONS: 0
  SYSTEM 1
    COMPONENT_CHANGES: 0
    WORLD_OPERATIONS: 0
  SYSTEM 2
    COMPONENT_CHANGES: 0
    WORLD_OPERATIONS: 0

UPDATE 15
SYSTEMS: 3
  SYSTEM 0
    COMPONENT_CHANGES: 3
      Modified { entity: Entity { id: 0, generation: 0 }, type_name: "Position", diff_string: "PositionDiff { x: Some(4), y: Some(5) }" }
      Modified { entity: Entity { id: 1, generation: 0 }, type_name: "Position", diff_string: "PositionDiff { x: Some(5), y: Some(6) }" }
      Modified { entity: Entity { id: 2, generation: 0 }, type_name: "Position", diff_string: "PositionDiff { x: Some(6), y: Some(7) }" }
    WORLD_OPERATIONS: 0
  SYSTEM 1
    COMPONENT_CHANGES: 0
    WORLD_OPERATIONS: 0
  SYSTEM 2
    COMPONENT_CHANGES: 0
    WORLD_OPERATIONS: 0

UPDATE 16
SYSTEMS: 3
  SYSTEM 0
    COMPONENT_CHANGES: 3
      Modified { entity: Entity { id: 0, generation: 0 }, type_name: "Position", diff_string: "PositionDiff { x: Some(5), y: Some(6) }" }
      Modified { entity: Entity { id: 1, generation: 0 }, type_name: "Position", diff_string: "PositionDiff { x: Some(6), y: Some(7) }" }
      Modified { entity: Entity { id: 2, generation: 0 }, type_name: "Position", diff_string: "PositionDiff { x: Some(7), y: Some(8) }" }
    WORLD_OPERATIONS: 0
  SYSTEM 1
    COMPONENT_CHANGES: 0
    WORLD_OPERATIONS: 0
  SYSTEM 2
    COMPONENT_CHANGES: 0
    WORLD_OPERATIONS: 0

UPDATE 17
SYSTEMS: 3
  SYSTEM 0
    COMPONENT_CHANGES: 3
      Modified { entity: Entity { id: 0, generation: 0 }, type_name: "Position", diff_string: "PositionDiff { x: Some(6), y: Some(7) }" }
      Modified { entity: Entity { id: 1, generation: 0 }, type_name: "Position", diff_string: "PositionDiff { x: Some(7), y: Some(8) }" }
      Modified { entity: Entity { id: 2, generation: 0 }, type_name: "Position", diff_string: "PositionDiff { x: Some(8), y: Some(9) }" }
    WORLD_OPERATIONS: 0
  SYSTEM 1
    COMPONENT_CHANGES: 0
    WORLD_OPERATIONS: 0
  SYSTEM 2
    COMPONENT_CHANGES: 0
    WORLD_OPERATIONS: 0

UPDATE 18
SYSTEMS: 3
  SYSTEM 0
    COMPONENT_CHANGES: 3
      Modified { entity: Entity { id: 0, generation: 0 }, type_name: "Position", diff_string: "PositionDiff { x: Some(7), y: Some(8) }" }
      Modified { entity: Entity { id: 1, generation: 0 }, type_name: "Position", diff_string: "PositionDiff { x: Some(8), y: Some(9) }" }
      Modified { entity: Entity { id: 2, generation: 0 }, type_name: "Position", diff_string: "PositionDiff { x: Some(9), y: Some(0) }" }
    WORLD_OPERATIONS: 0
  SYSTEM 1
    COMPONENT_CHANGES: 0
    WORLD_OPERATIONS: 0
  SYSTEM 2
    COMPONENT_CHANGES: 0
    WORLD_OPERATIONS: 0

UPDATE 19
SYSTEMS: 3
  SYSTEM 0
    COMPONENT_CHANGES: 3
      Modified { entity: Entity { id: 0, generation: 0 }, type_name: "Position", diff_string: "PositionDiff { x: Some(8), y: Some(9) }" }
      Modified { entity: Entity { id: 1, generation: 0 }, type_name: "Position", diff_string: "PositionDiff { x: Some(9), y: Some(0) }" }
      Modified { entity: Entity { id: 2, generation: 0 }, type_name: "Position", diff_string: "PositionDiff { x: Some(0), y: Some(1) }" }
    WORLD_OPERATIONS: 0
  SYSTEM 1
    COMPONENT_CHANGES: 0
    WORLD_OPERATIONS: 0
  SYSTEM 2
    COMPONENT_CHANGES: 0
    WORLD_OPERATIONS: 0

UPDATE 20
SYSTEMS: 3
  SYSTEM 0
    COMPONENT_CHANGES: 3
      Modified { entity: Entity { id: 0, generation: 0 }, type_name: "Position", diff_string: "PositionDiff { x: Some(9), y: Some(0) }" }
      Modified { entity: Entity { id: 1, generation: 0 }, type_name: "Position", diff_string: "PositionDiff { x: Some(0), y: Some(1) }" }
      Modified { entity: Entity { id: 2, generation: 0 }, type_name: "Position", diff_string: "PositionDiff { x: Some(1), y: Some(2) }" }
    WORLD_OPERATIONS: 0
  SYSTEM 1
    COMPONENT_CHANGES: 0
    WORLD_OPERATIONS: 0
  SYSTEM 2
    COMPONENT_CHANGES: 0
    WORLD_OPERATIONS: 0

UPDATE 21
SYSTEMS: 3
  SYSTEM 0
    COMPONENT_CHANGES: 3
      Modified { entity: Entity { id: 0, generation: 0 }, type_name: "Position", diff_string: "PositionDiff { x: Some(0), y: Some(1) }" }
      Modified { entity: Entity { id: 1, generation: 0 }, type_name: "Position", diff_string: "PositionDiff { x: Some(1), y: Some(2) }" }
      Modified { entity: Entity { id: 2, generation: 0 }, type_name: "Position", diff_string: "PositionDiff { x: Some(2), y: Some(3) }" }
    WORLD_OPERATIONS: 0
  SYSTEM 1
    COMPONENT_CHANGES: 1
      Modified { entity: Entity { id: 0, generation: 0 }, type_name: "WaitTimer", diff_string: "WaitTimerDiff { ticks: Some(5) }" }
    WORLD_OPERATIONS: 0
  SYSTEM 2
    COMPONENT_CHANGES: 0
    WORLD_OPERATIONS: 0

UPDATE 22
SYSTEMS: 3
  SYSTEM 0
    COMPONENT_CHANGES: 3
      Modified { entity: Entity { id: 0, generation: 0 }, type_name: "Position", diff_string: "PositionDiff { x: Some(1), y: Some(2) }" }
      Modified { entity: Entity { id: 1, generation: 0 }, type_name: "Position", diff_string: "PositionDiff { x: Some(2), y: Some(3) }" }
      Modified { entity: Entity { id: 2, generation: 0 }, type_name: "Position", diff_string: "PositionDiff { x: Some(3), y: Some(4) }" }
    WORLD_OPERATIONS: 0
  SYSTEM 1
    COMPONENT_CHANGES: 0
    WORLD_OPERATIONS: 0
  SYSTEM 2
    COMPONENT_CHANGES: 0
    WORLD_OPERATIONS: 0

UPDATE 23
SYSTEMS: 3
  SYSTEM 0
    COMPONENT_CHANGES: 3
      Modified { entity: Entity { id: 0, generation: 0 }, type_name: "Position", diff_string: "PositionDiff { x: Some(2), y: Some(3) }" }
      Modified { entity: Entity { id: 1, generation: 0 }, type_name: "Position", diff_string: "PositionDiff { x: Some(3), y: Some(4) }" }
      Modified { entity: Entity { id: 2, generation: 0 }, type_name: "Position", diff_string: "PositionDiff { x: Some(4), y: Some(5) }" }
    WORLD_OPERATIONS: 0
  SYSTEM 1
    COMPONENT_CHANGES: 0
    WORLD_OPERATIONS: 0
  SYSTEM 2
    COMPONENT_CHANGES: 0
    WORLD_OPERATIONS: 0

UPDATE 24
SYSTEMS: 3
  SYSTEM 0
    COMPONENT_CHANGES: 3
      Modified { entity: Entity { id: 0, generation: 0 }, type_name: "Position", diff_string: "PositionDiff { x: Some(3), y: Some(4) }" }
      Modified { entity: Entity { id: 1, generation: 0 }, type_name: "Position", diff_string: "PositionDiff { x: Some(4), y: Some(5) }" }
      Modified { entity: Entity { id: 2, generation: 0 }, type_name: "Position", diff_string: "PositionDiff { x: Some(5), y: Some(6) }" }
    WORLD_OPERATIONS: 0
  SYSTEM 1
    COMPONENT_CHANGES: 0
    WORLD_OPERATIONS: 0
  SYSTEM 2
    COMPONENT_CHANGES: 0
    WORLD_OPERATIONS: 0

UPDATE 25
SYSTEMS: 3
  SYSTEM 0
    COMPONENT_CHANGES: 3
      Modified { entity: Entity { id: 0, generation: 0 }, type_name: "Position", diff_string: "PositionDiff { x: Some(4), y: Some(5) }" }
      Modified { entity: Entity { id: 1, generation: 0 }, type_name: "Position", diff_string: "PositionDiff { x: Some(5), y: Some(6) }" }
      Modified { entity: Entity { id: 2, generation: 0 }, type_name: "Position", diff_string: "PositionDiff { x: Some(6), y: Some(7) }" }
    WORLD_OPERATIONS: 0
  SYSTEM 1
    COMPONENT_CHANGES: 0
    WORLD_OPERATIONS: 0
  SYSTEM 2
    COMPONENT_CHANGES: 0
    WORLD_OPERATIONS: 0

UPDATE 26
SYSTEMS: 3
  SYSTEM 0
    COMPONENT_CHANGES: 3
      Modified { entity: Entity { id: 0, generation: 0 }, type_name: "Position", diff_string: "PositionDiff { x: Some(5), y: Some(6) }" }
      Modified { entity: Entity { id: 1, generation: 0 }, type_name: "Position", diff_string: "PositionDiff { x: Some(6), y: Some(7) }" }
      Modified { entity: Entity { id: 2, generation: 0 }, type_name: "Position", diff_string: "PositionDiff { x: Some(7), y: Some(8) }" }
    WORLD_OPERATIONS: 0
  SYSTEM 1
    COMPONENT_CHANGES: 0
    WORLD_OPERATIONS: 0
  SYSTEM 2
    COMPONENT_CHANGES: 0
    WORLD_OPERATIONS: 0

UPDATE 27
SYSTEMS: 3
  SYSTEM 0
    COMPONENT_CHANGES: 3
      Modified { entity: Entity { id: 0, generation: 0 }, type_name: "Position", diff_string: "PositionDiff { x: Some(6), y: Some(7) }" }
      Modified { entity: Entity { id: 1, generation: 0 }, type_name: "Position", diff_string: "PositionDiff { x: Some(7), y: Some(8) }" }
      Modified { entity: Entity { id: 2, generation: 0 }, type_name: "Position", diff_string: "PositionDiff { x: Some(8), y: Some(9) }" }
    WORLD_OPERATIONS: 0
  SYSTEM 1
    COMPONENT_CHANGES: 0
    WORLD_OPERATIONS: 0
  SYSTEM 2
    COMPONENT_CHANGES: 0
    WORLD_OPERATIONS: 0

UPDATE 28
SYSTEMS: 3
  SYSTEM 0
    COMPONENT_CHANGES: 3
      Modified { entity: Entity { id: 0, generation: 0 }, type_name: "Position", diff_string: "PositionDiff { x: Some(7), y: Some(8) }" }
      Modified { entity: Entity { id: 1, generation: 0 }, type_name: "Position", diff_string: "PositionDiff { x: Some(8), y: Some(9) }" }
      Modified { entity: Entity { id: 2, generation: 0 }, type_name: "Position", diff_string: "PositionDiff { x: Some(9), y: Some(0) }" }
    WORLD_OPERATIONS: 0
  SYSTEM 1
    COMPONENT_CHANGES: 0
    WORLD_OPERATIONS: 0
  SYSTEM 2
    COMPONENT_CHANGES: 0
    WORLD_OPERATIONS: 0

UPDATE 29
SYSTEMS: 3
  SYSTEM 0
    COMPONENT_CHANGES: 3
      Modified { entity: Entity { id: 0, generation: 0 }, type_name: "Position", diff_string: "PositionDiff { x: Some(8), y: Some(9) }" }
      Modified { entity: Entity { id: 1, generation: 0 }, type_name: "Position", diff_string: "PositionDiff { x: Some(9), y: Some(0) }" }
      Modified { entity: Entity { id: 2, generation: 0 }, type_name: "Position", diff_string: "PositionDiff { x: Some(0), y: Some(1) }" }
    WORLD_OPERATIONS: 0
  SYSTEM 1
    COMPONENT_CHANGES: 0
    WORLD_OPERATIONS: 0
  SYSTEM 2
    COMPONENT_CHANGES: 0
    WORLD_OPERATIONS: 0

UPDATE 30
SYSTEMS: 3
  SYSTEM 0
    COMPONENT_CHANGES: 3
      Modified { entity: Entity { id: 0, generation: 0 }, type_name: "Position", diff_string: "PositionDiff { x: Some(9), y: Some(0) }" }
      Modified { entity: Entity { id: 1, generation: 0 }, type_name: "Position", diff_string: "PositionDiff { x: Some(0), y: Some(1) }" }
      Modified { entity: Entity { id: 2, generation: 0 }, type_name: "Position", diff_string: "PositionDiff { x: Some(1), y: Some(2) }" }
    WORLD_OPERATIONS: 0
  SYSTEM 1
    COMPONENT_CHANGES: 0
    WORLD_OPERATIONS: 0
  SYSTEM 2
    COMPONENT_CHANGES: 0
    WORLD_OPERATIONS: 0

UPDATE 31
SYSTEMS: 3
  SYSTEM 0
    COMPONENT_CHANGES: 3
      Modified { entity: Entity { id: 0, generation: 0 }, type_name: "Position", diff_string: "PositionDiff { x: Some(0), y: Some(1) }" }
      Modified { entity: Entity { id: 1, generation: 0 }, type_name: "Position", diff_string: "PositionDiff { x: Some(1), y: Some(2) }" }
      Modified { entity: Entity { id: 2, generation: 0 }, type_name: "Position", diff_string: "PositionDiff { x: Some(2), y: Some(3) }" }
    WORLD_OPERATIONS: 0
  SYSTEM 1
    COMPONENT_CHANGES: 1
      Modified { entity: Entity { id: 0, generation: 0 }, type_name: "WaitTimer", diff_string: "WaitTimerDiff { ticks: Some(5) }" }
    WORLD_OPERATIONS: 0
  SYSTEM 2
    COMPONENT_CHANGES: 0
    WORLD_OPERATIONS: 0

UPDATE 32
SYSTEMS: 3
  SYSTEM 0
    COMPONENT_CHANGES: 3
      Modified { entity: Entity { id: 0, generation: 0 }, type_name: "Position", diff_string: "PositionDiff { x: Some(1), y: Some(2) }" }
      Modified { entity: Entity { id: 1, generation: 0 }, type_name: "Position", diff_string: "PositionDiff { x: Some(2), y: Some(3) }" }
      Modified { entity: Entity { id: 2, generation: 0 }, type_name: "Position", diff_string: "PositionDiff { x: Some(3), y: Some(4) }" }
    WORLD_OPERATIONS: 0
  SYSTEM 1
    COMPONENT_CHANGES: 0
    WORLD_OPERATIONS: 0
  SYSTEM 2
    COMPONENT_CHANGES: 0
    WORLD_OPERATIONS: 0

UPDATE 33
SYSTEMS: 3
  SYSTEM 0
    COMPONENT_CHANGES: 3
      Modified { entity: Entity { id: 0, generation: 0 }, type_name: "Position", diff_string: "PositionDiff { x: Some(2), y: Some(3) }" }
      Modified { entity: Entity { id: 1, generation: 0 }, type_name: "Position", diff_string: "PositionDiff { x: Some(3), y: Some(4) }" }
      Modified { entity: Entity { id: 2, generation: 0 }, type_name: "Position", diff_string: "PositionDiff { x: Some(4), y: Some(5) }" }
    WORLD_OPERATIONS: 0
  SYSTEM 1
    COMPONENT_CHANGES: 0
    WORLD_OPERATIONS: 0
  SYSTEM 2
    COMPONENT_CHANGES: 0
    WORLD_OPERATIONS: 0

UPDATE 34
SYSTEMS: 3
  SYSTEM 0
    COMPONENT_CHANGES: 3
      Modified { entity: Entity { id: 0, generation: 0 }, type_name: "Position", diff_string: "PositionDiff { x: Some(3), y: Some(4) }" }
      Modified { entity: Entity { id: 1, generation: 0 }, type_name: "Position", diff_string: "PositionDiff { x: Some(4), y: Some(5) }" }
      Modified { entity: Entity { id: 2, generation: 0 }, type_name: "Position", diff_string: "PositionDiff { x: Some(5), y: Some(6) }" }
    WORLD_OPERATIONS: 0
  SYSTEM 1
    COMPONENT_CHANGES: 0
    WORLD_OPERATIONS: 0
  SYSTEM 2
    COMPONENT_CHANGES: 0
    WORLD_OPERATIONS: 0

UPDATE 35
SYSTEMS: 3
  SYSTEM 0
    COMPONENT_CHANGES: 3
      Modified { entity: Entity { id: 0, generation: 0 }, type_name: "Position", diff_string: "PositionDiff { x: Some(4), y: Some(5) }" }
      Modified { entity: Entity { id: 1, generation: 0 }, type_name: "Position", diff_string: "PositionDiff { x: Some(5), y: Some(6) }" }
      Modified { entity: Entity { id: 2, generation: 0 }, type_name: "Position", diff_string: "PositionDiff { x: Some(6), y: Some(7) }" }
    WORLD_OPERATIONS: 0
  SYSTEM 1
    COMPONENT_CHANGES: 0
    WORLD_OPERATIONS: 0
  SYSTEM 2
    COMPONENT_CHANGES: 0
    WORLD_OPERATIONS: 0

UPDATE 36
SYSTEMS: 3
  SYSTEM 0
    COMPONENT_CHANGES: 3
      Modified { entity: Entity { id: 0, generation: 0 }, type_name: "Position", diff_string: "PositionDiff { x: Some(5), y: Some(6) }" }
      Modified { entity: Entity { id: 1, generation: 0 }, type_name: "Position", diff_string: "PositionDiff { x: Some(6), y: Some(7) }" }
      Modified { entity: Entity { id: 2, generation: 0 }, type_name: "Position", diff_string: "PositionDiff { x: Some(7), y: Some(8) }" }
    WORLD_OPERATIONS: 0
  SYSTEM 1
    COMPONENT_CHANGES: 0
    WORLD_OPERATIONS: 0
  SYSTEM 2
    COMPONENT_CHANGES: 0
    WORLD_OPERATIONS: 0

UPDATE 37
SYSTEMS: 3
  SYSTEM 0
    COMPONENT_CHANGES: 3
      Modified { entity: Entity { id: 0, generation: 0 }, type_name: "Position", diff_string: "PositionDiff { x: Some(6), y: Some(7) }" }
      Modified { entity: Entity { id: 1, generation: 0 }, type_name: "Position", diff_string: "PositionDiff { x: Some(7), y: Some(8) }" }
      Modified { entity: Entity { id: 2, generation: 0 }, type_name: "Position", diff_string: "PositionDiff { x: Some(8), y: Some(9) }" }
    WORLD_OPERATIONS: 0
  SYSTEM 1
    COMPONENT_CHANGES: 0
    WORLD_OPERATIONS: 0
  SYSTEM 2
    COMPONENT_CHANGES: 0
    WORLD_OPERATIONS: 0

UPDATE 38
SYSTEMS: 3
  SYSTEM 0
    COMPONENT_CHANGES: 3
      Modified { entity: Entity { id: 0, generation: 0 }, type_name: "Position", diff_string: "PositionDiff { x: Some(7), y: Some(8) }" }
      Modified { entity: Entity { id: 1, generation: 0 }, type_name: "Position", diff_string: "PositionDiff { x: Some(8), y: Some(9) }" }
      Modified { entity: Entity { id: 2, generation: 0 }, type_name: "Position", diff_string: "PositionDiff { x: Some(9), y: Some(0) }" }
    WORLD_OPERATIONS: 0
  SYSTEM 1
    COMPONENT_CHANGES: 0
    WORLD_OPERATIONS: 0
  SYSTEM 2
    COMPONENT_CHANGES: 0
    WORLD_OPERATIONS: 0

UPDATE 39
SYSTEMS: 3
  SYSTEM 0
    COMPONENT_CHANGES: 3
      Modified { entity: Entity { id: 0, generation: 0 }, type_name: "Position", diff_string: "PositionDiff { x: Some(8), y: Some(9) }" }
      Modified { entity: Entity { id: 1, generation: 0 }, type_name: "Position", diff_string: "PositionDiff { x: Some(9), y: Some(0) }" }
      Modified { entity: Entity { id: 2, generation: 0 }, type_name: "Position", diff_string: "PositionDiff { x: Some(0), y: Some(1) }" }
    WORLD_OPERATIONS: 0
  SYSTEM 1
    COMPONENT_CHANGES: 0
    WORLD_OPERATIONS: 0
  SYSTEM 2
    COMPONENT_CHANGES: 0
    WORLD_OPERATIONS: 0

UPDATE 40
SYSTEMS: 3
  SYSTEM 0
    COMPONENT_CHANGES: 3
      Modified { entity: Entity { id: 0, generation: 0 }, type_name: "Position", diff_string: "PositionDiff { x: Some(9), y: Some(0) }" }
      Modified { entity: Entity { id: 1, generation: 0 }, type_name: "Position", diff_string: "PositionDiff { x: Some(0), y: Some(1) }" }
      Modified { entity: Entity { id: 2, generation: 0 }, type_name: "Position", diff_string: "PositionDiff { x: Some(1), y: Some(2) }" }
    WORLD_OPERATIONS: 0
  SYSTEM 1
    COMPONENT_CHANGES: 0
    WORLD_OPERATIONS: 0
  SYSTEM 2
    COMPONENT_CHANGES: 0
    WORLD_OPERATIONS: 0

UPDATE 41
SYSTEMS: 3
  SYSTEM 0
    COMPONENT_CHANGES: 3
      Modified { entity: Entity { id: 0, generation: 0 }, type_name: "Position", diff_string: "PositionDiff { x: Some(0), y: Some(1) }" }
      Modified { entity: Entity { id: 1, generation: 0 }, type_name: "Position", diff_string: "PositionDiff { x: Some(1), y: Some(2) }" }
      Modified { entity: Entity { id: 2, generation: 0 }, type_name: "Position", diff_string: "PositionDiff { x: Some(2), y: Some(3) }" }
    WORLD_OPERATIONS: 0
  SYSTEM 1
    COMPONENT_CHANGES: 1
      Modified { entity: Entity { id: 0, generation: 0 }, type_name: "WaitTimer", diff_string: "WaitTimerDiff { ticks: Some(5) }" }
    WORLD_OPERATIONS: 0
  SYSTEM 2
    COMPONENT_CHANGES: 0
    WORLD_OPERATIONS: 0

UPDATE 42
SYSTEMS: 3
  SYSTEM 0
    COMPONENT_CHANGES: 3
      Modified { entity: Entity { id: 0, generation: 0 }, type_name: "Position", diff_string: "PositionDiff { x: Some(1), y: Some(2) }" }
      Modified { entity: Entity { id: 1, generation: 0 }, type_name: "Position", diff_string: "PositionDiff { x: Some(2), y: Some(3) }" }
      Modified { entity: Entity { id: 2, generation: 0 }, type_name: "Position", diff_string: "PositionDiff { x: Some(3), y: Some(4) }" }
    WORLD_OPERATIONS: 0
  SYSTEM 1
    COMPONENT_CHANGES: 0
    WORLD_OPERATIONS: 0
  SYSTEM 2
    COMPONENT_CHANGES: 0
    WORLD_OPERATIONS: 0

UPDATE 43
SYSTEMS: 3
  SYSTEM 0
    COMPONENT_CHANGES: 3
      Modified { entity: Entity { id: 0, generation: 0 }, type_name: "Position", diff_string: "PositionDiff { x: Some(2), y: Some(3) }" }
      Modified { entity: Entity { id: 1, generation: 0 }, type_name: "Position", diff_string: "PositionDiff { x: Some(3), y: Some(4) }" }
      Modified { entity: Entity { id: 2, generation: 0 }, type_name: "Position", diff_string: "PositionDiff { x: Some(4), y: Some(5) }" }
    WORLD_OPERATIONS: 0
  SYSTEM 1
    COMPONENT_CHANGES: 0
    WORLD_OPERATIONS: 0
  SYSTEM 2
    COMPONENT_CHANGES: 0
    WORLD_OPERATIONS: 0

UPDATE 44
SYSTEMS: 3
  SYSTEM 0
    COMPONENT_CHANGES: 3
      Modified { entity: Entity { id: 0, generation: 0 }, type_name: "Position", diff_string: "PositionDiff { x: Some(3), y: Some(4) }" }
      Modified { entity: Entity { id: 1, generation: 0 }, type_name: "Position", diff_string: "PositionDiff { x: Some(4), y: Some(5) }" }
      Modified { entity: Entity { id: 2, generation: 0 }, type_name: "Position", diff_string: "PositionDiff { x: Some(5), y: Some(6) }" }
    WORLD_OPERATIONS: 0
  SYSTEM 1
    COMPONENT_CHANGES: 0
    WORLD_OPERATIONS: 0
  SYSTEM 2
    COMPONENT_CHANGES: 0
    WORLD_OPERATIONS: 0

UPDATE 45
SYSTEMS: 3
  SYSTEM 0
    COMPONENT_CHANGES: 3
      Modified { entity: Entity { id: 0, generation: 0 }, type_name: "Position", diff_string: "PositionDiff { x: Some(4), y: Some(5) }" }
      Modified { entity: Entity { id: 1, generation: 0 }, type_name: "Position", diff_string: "PositionDiff { x: Some(5), y: Some(6) }" }
      Modified { entity: Entity { id: 2, generation: 0 }, type_name: "Position", diff_string: "PositionDiff { x: Some(6), y: Some(7) }" }
    WORLD_OPERATIONS: 0
  SYSTEM 1
    COMPONENT_CHANGES: 0
    WORLD_OPERATIONS: 0
  SYSTEM 2
    COMPONENT_CHANGES: 0
    WORLD_OPERATIONS: 0

UPDATE 46
SYSTEMS: 3
  SYSTEM 0
    COMPONENT_CHANGES: 3
      Modified { entity: Entity { id: 0, generation: 0 }, type_name: "Position", diff_string: "PositionDiff { x: Some(5), y: Some(6) }" }
      Modified { entity: Entity { id: 1, generation: 0 }, type_name: "Position", diff_string: "PositionDiff { x: Some(6), y: Some(7) }" }
      Modified { entity: Entity { id: 2, generation: 0 }, type_name: "Position", diff_string: "PositionDiff { x: Some(7), y: Some(8) }" }
    WORLD_OPERATIONS: 0
  SYSTEM 1
    COMPONENT_CHANGES: 0
    WORLD_OPERATIONS: 0
  SYSTEM 2
    COMPONENT_CHANGES: 0
    WORLD_OPERATIONS: 0

UPDATE 47
SYSTEMS: 3
  SYSTEM 0
    COMPONENT_CHANGES: 3
      Modified { entity: Entity { id: 0, generation: 0 }, type_name: "Position", diff_string: "PositionDiff { x: Some(6), y: Some(7) }" }
      Modified { entity: Entity { id: 1, generation: 0 }, type_name: "Position", diff_string: "PositionDiff { x: Some(7), y: Some(8) }" }
      Modified { entity: Entity { id: 2, generation: 0 }, type_name: "Position", diff_string: "PositionDiff { x: Some(8), y: Some(9) }" }
    WORLD_OPERATIONS: 0
  SYSTEM 1
    COMPONENT_CHANGES: 0
    WORLD_OPERATIONS: 0
  SYSTEM 2
    COMPONENT_CHANGES: 0
    WORLD_OPERATIONS: 0

UPDATE 48
SYSTEMS: 3
  SYSTEM 0
    COMPONENT_CHANGES: 3
      Modified { entity: Entity { id: 0, generation: 0 }, type_name: "Position", diff_string: "PositionDiff { x: Some(7), y: Some(8) }" }
      Modified { entity: Entity { id: 1, generation: 0 }, type_name: "Position", diff_string: "PositionDiff { x: Some(8), y: Some(9) }" }
      Modified { entity: Entity { id: 2, generation: 0 }, type_name: "Position", diff_string: "PositionDiff { x: Some(9), y: Some(0) }" }
    WORLD_OPERATIONS: 0
  SYSTEM 1
    COMPONENT_CHANGES: 0
    WORLD_OPERATIONS: 0
  SYSTEM 2
    COMPONENT_CHANGES: 0
    WORLD_OPERATIONS: 0

UPDATE 49
SYSTEMS: 3
  SYSTEM 0
    COMPONENT_CHANGES: 3
      Modified { entity: Entity { id: 0, generation: 0 }, type_name: "Position", diff_string: "PositionDiff { x: Some(8), y: Some(9) }" }
      Modified { entity: Entity { id: 1, generation: 0 }, type_name: "Position", diff_string: "PositionDiff { x: Some(9), y: Some(0) }" }
      Modified { entity: Entity { id: 2, generation: 0 }, type_name: "Position", diff_string: "PositionDiff { x: Some(0), y: Some(1) }" }
    WORLD_OPERATIONS: 0
  SYSTEM 1
    COMPONENT_CHANGES: 0
    WORLD_OPERATIONS: 0
  SYSTEM 2
    COMPONENT_CHANGES: 0
    WORLD_OPERATIONS: 0

UPDATE 50
SYSTEMS: 3
  SYSTEM 0
    COMPONENT_CHANGES: 3
      Modified { entity: Entity { id: 0, generation: 0 }, type_name: "Position", diff_string: "PositionDiff { x: Some(9), y: Some(0) }" }
      Modified { entity: Entity { id: 1, generation: 0 }, type_name: "Position", diff_string: "PositionDiff { x: Some(0), y: Some(1) }" }
      Modified { entity: Entity { id: 2, generation: 0 }, type_name: "Position", diff_string: "PositionDiff { x: Some(1), y: Some(2) }" }
    WORLD_OPERATIONS: 0
  SYSTEM 1
    COMPONENT_CHANGES: 0
    WORLD_OPERATIONS: 0
  SYSTEM 2
    COMPONENT_CHANGES: 0
    WORLD_OPERATIONS: 0

UPDATE 51
SYSTEMS: 3
  SYSTEM 0
    COMPONENT_CHANGES: 3
      Modified { entity: Entity { id: 0, generation: 0 }, type_name: "Position", diff_string: "PositionDiff { x: Some(0), y: Some(1) }" }
      Modified { entity: Entity { id: 1, generation: 0 }, type_name: "Position", diff_string: "PositionDiff { x: Some(1), y: Some(2) }" }
      Modified { entity: Entity { id: 2, generation: 0 }, type_name: "Position", diff_string: "PositionDiff { x: Some(2), y: Some(3) }" }
    WORLD_OPERATIONS: 0
  SYSTEM 1
    COMPONENT_CHANGES: 1
      Modified { entity: Entity { id: 0, generation: 0 }, type_name: "WaitTimer", diff_string: "WaitTimerDiff { ticks: Some(5) }" }
    WORLD_OPERATIONS: 0
  SYSTEM 2
    COMPONENT_CHANGES: 0
    WORLD_OPERATIONS: 0

UPDATE 52
SYSTEMS: 3
  SYSTEM 0
    COMPONENT_CHANGES: 3
      Modified { entity: Entity { id: 0, generation: 0 }, type_name: "Position", diff_string: "PositionDiff { x: Some(1), y: Some(2) }" }
      Modified { entity: Entity { id: 1, generation: 0 }, type_name: "Position", diff_string: "PositionDiff { x: Some(2), y: Some(3) }" }
      Modified { entity: Entity { id: 2, generation: 0 }, type_name: "Position", diff_string: "PositionDiff { x: Some(3), y: Some(4) }" }
    WORLD_OPERATIONS: 0
  SYSTEM 1
    COMPONENT_CHANGES: 0
    WORLD_OPERATIONS: 0
  SYSTEM 2
    COMPONENT_CHANGES: 0
    WORLD_OPERATIONS: 0

UPDATE 53
SYSTEMS: 3
  SYSTEM 0
    COMPONENT_CHANGES: 3
      Modified { entity: Entity { id: 0, generation: 0 }, type_name: "Position", diff_string: "PositionDiff { x: Some(2), y: Some(3) }" }
      Modified { entity: Entity { id: 1, generation: 0 }, type_name: "Position", diff_string: "PositionDiff { x: Some(3), y: Some(4) }" }
      Modified { entity: Entity { id: 2, generation: 0 }, type_name: "Position", diff_string: "PositionDiff { x: Some(4), y: Some(5) }" }
    WORLD_OPERATIONS: 0
  SYSTEM 1
    COMPONENT_CHANGES: 0
    WORLD_OPERATIONS: 0
  SYSTEM 2
    COMPONENT_CHANGES: 0
    WORLD_OPERATIONS: 0

UPDATE 54
SYSTEMS: 3
  SYSTEM 0
    COMPONENT_CHANGES: 3
      Modified { entity: Entity { id: 0, generation: 0 }, type_name: "Position", diff_string: "PositionDiff { x: Some(3), y: Some(4) }" }
      Modified { entity: Entity { id: 1, generation: 0 }, type_name: "Position", diff_string: "PositionDiff { x: Some(4), y: Some(5) }" }
      Modified { entity: Entity { id: 2, generation: 0 }, type_name: "Position", diff_string: "PositionDiff { x: Some(5), y: Some(6) }" }
    WORLD_OPERATIONS: 0
  SYSTEM 1
    COMPONENT_CHANGES: 0
    WORLD_OPERATIONS: 0
  SYSTEM 2
    COMPONENT_CHANGES: 0
    WORLD_OPERATIONS: 0

UPDATE 55
SYSTEMS: 3
  SYSTEM 0
    COMPONENT_CHANGES: 3
      Modified { entity: Entity { id: 0, generation: 0 }, type_name: "Position", diff_string: "PositionDiff { x: Some(4), y: Some(5) }" }
      Modified { entity: Entity { id: 1, generation: 0 }, type_name: "Position", diff_string: "PositionDiff { x: Some(5), y: Some(6) }" }
      Modified { entity: Entity { id: 2, generation: 0 }, type_name: "Position", diff_string: "PositionDiff { x: Some(6), y: Some(7) }" }
    WORLD_OPERATIONS: 0
  SYSTEM 1
    COMPONENT_CHANGES: 0
    WORLD_OPERATIONS: 0
  SYSTEM 2
    COMPONENT_CHANGES: 0
    WORLD_OPERATIONS: 0

UPDATE 56
SYSTEMS: 3
  SYSTEM 0
    COMPONENT_CHANGES: 3
      Modified { entity: Entity { id: 0, generation: 0 }, type_name: "Position", diff_string: "PositionDiff { x: Some(5), y: Some(6) }" }
      Modified { entity: Entity { id: 1, generation: 0 }, type_name: "Position", diff_string: "PositionDiff { x: Some(6), y: Some(7) }" }
      Modified { entity: Entity { id: 2, generation: 0 }, type_name: "Position", diff_string: "PositionDiff { x: Some(7), y: Some(8) }" }
    WORLD_OPERATIONS: 0
  SYSTEM 1
    COMPONENT_CHANGES: 0
    WORLD_OPERATIONS: 0
  SYSTEM 2
    COMPONENT_CHANGES: 0
    WORLD_OPERATIONS: 0

UPDATE 57
SYSTEMS: 3
  SYSTEM 0
    COMPONENT_CHANGES: 3
      Modified { entity: Entity { id: 0, generation: 0 }, type_name: "Position", diff_string: "PositionDiff { x: Some(6), y: Some(7) }" }
      Modified { entity: Entity { id: 1, generation: 0 }, type_name: "Position", diff_string: "PositionDiff { x: Some(7), y: Some(8) }" }
      Modified { entity: Entity { id: 2, generation: 0 }, type_name: "Position", diff_string: "PositionDiff { x: Some(8), y: Some(9) }" }
    WORLD_OPERATIONS: 0
  SYSTEM 1
    COMPONENT_CHANGES: 0
    WORLD_OPERATIONS: 0
  SYSTEM 2
    COMPONENT_CHANGES: 0
    WORLD_OPERATIONS: 0

UPDATE 58
SYSTEMS: 3
  SYSTEM 0
    COMPONENT_CHANGES: 3
      Modified { entity: Entity { id: 0, generation: 0 }, type_name: "Position", diff_string: "PositionDiff { x: Some(7), y: Some(8) }" }
      Modified { entity: Entity { id: 1, generation: 0 }, type_name: "Position", diff_string: "PositionDiff { x: Some(8), y: Some(9) }" }
      Modified { entity: Entity { id: 2, generation: 0 }, type_name: "Position", diff_string: "PositionDiff { x: Some(9), y: Some(0) }" }
    WORLD_OPERATIONS: 0
  SYSTEM 1
    COMPONENT_CHANGES: 0
    WORLD_OPERATIONS: 0
  SYSTEM 2
    COMPONENT_CHANGES: 0
    WORLD_OPERATIONS: 0

UPDATE 59
SYSTEMS: 3
  SYSTEM 0
    COMPONENT_CHANGES: 3
      Modified { entity: Entity { id: 0, generation: 0 }, type_name: "Position", diff_string: "PositionDiff { x: Some(8), y: Some(9) }" }
      Modified { entity: Entity { id: 1, generation: 0 }, type_name: "Position", diff_string: "PositionDiff { x: Some(9), y: Some(0) }" }
      Modified { entity: Entity { id: 2, generation: 0 }, type_name: "Position", diff_string: "PositionDiff { x: Some(0), y: Some(1) }" }
    WORLD_OPERATIONS: 0
  SYSTEM 1
    COMPONENT_CHANGES: 0
    WORLD_OPERATIONS: 0
  SYSTEM 2
    COMPONENT_CHANGES: 0
    WORLD_OPERATIONS: 0

UPDATE 60
SYSTEMS: 3
  SYSTEM 0
    COMPONENT_CHANGES: 3
      Modified { entity: Entity { id: 0, generation: 0 }, type_name: "Position", diff_string: "PositionDiff { x: Some(9), y: Some(0) }" }
      Modified { entity: Entity { id: 1, generation: 0 }, type_name: "Position", diff_string: "PositionDiff { x: Some(0), y: Some(1) }" }
      Modified { entity: Entity { id: 2, generation: 0 }, type_name: "Position", diff_string: "PositionDiff { x: Some(1), y: Some(2) }" }
    WORLD_OPERATIONS: 0
  SYSTEM 1
    COMPONENT_CHANGES: 0
    WORLD_OPERATIONS: 0
  SYSTEM 2
    COMPONENT_CHANGES: 0
    WORLD_OPERATIONS: 0

UPDATE 61
SYSTEMS: 3
  SYSTEM 0
    COMPONENT_CHANGES: 3
      Modified { entity: Entity { id: 0, generation: 0 }, type_name: "Position", diff_string: "PositionDiff { x: Some(0), y: Some(1) }" }
      Modified { entity: Entity { id: 1, generation: 0 }, type_name: "Position", diff_string: "PositionDiff { x: Some(1), y: Some(2) }" }
      Modified { entity: Entity { id: 2, generation: 0 }, type_name: "Position", diff_string: "PositionDiff { x: Some(2), y: Some(3) }" }
    WORLD_OPERATIONS: 0
  SYSTEM 1
    COMPONENT_CHANGES: 1
      Modified { entity: Entity { id: 0, generation: 0 }, type_name: "WaitTimer", diff_string: "WaitTimerDiff { ticks: Some(5) }" }
    WORLD_OPERATIONS: 0
  SYSTEM 2
    COMPONENT_CHANGES: 0
    WORLD_OPERATIONS: 0

UPDATE 62
SYSTEMS: 3
  SYSTEM 0
    COMPONENT_CHANGES: 3
      Modified { entity: Entity { id: 0, generation: 0 }, type_name: "Position", diff_string: "PositionDiff { x: Some(1), y: Some(2) }" }
      Modified { entity: Entity { id: 1, generation: 0 }, type_name: "Position", diff_string: "PositionDiff { x: Some(2), y: Some(3) }" }
      Modified { entity: Entity { id: 2, generation: 0 }, type_name: "Position", diff_string: "PositionDiff { x: Some(3), y: Some(4) }" }
    WORLD_OPERATIONS: 0
  SYSTEM 1
    COMPONENT_CHANGES: 0
    WORLD_OPERATIONS: 0
  SYSTEM 2
    COMPONENT_CHANGES: 0
    WORLD_OPERATIONS: 0

UPDATE 63
SYSTEMS: 3
  SYSTEM 0
    COMPONENT_CHANGES: 3
      Modified { entity: Entity { id: 0, generation: 0 }, type_name: "Position", diff_string: "PositionDiff { x: Some(2), y: Some(3) }" }
      Modified { entity: Entity { id: 1, generation: 0 }, type_name: "Position", diff_string: "PositionDiff { x: Some(3), y: Some(4) }" }
      Modified { entity: Entity { id: 2, generation: 0 }, type_name: "Position", diff_string: "PositionDiff { x: Some(4), y: Some(5) }" }
    WORLD_OPERATIONS: 0
  SYSTEM 1
    COMPONENT_CHANGES: 0
    WORLD_OPERATIONS: 0
  SYSTEM 2
    COMPONENT_CHANGES: 0
    WORLD_OPERATIONS: 0

UPDATE 64
SYSTEMS: 3
  SYSTEM 0
    COMPONENT_CHANGES: 3
      Modified { entity: Entity { id: 0, generation: 0 }, type_name: "Position", diff_string: "PositionDiff { x: Some(3), y: Some(4) }" }
      Modified { entity: Entity { id: 1, generation: 0 }, type_name: "Position", diff_string: "PositionDiff { x: Some(4), y: Some(5) }" }
      Modified { entity: Entity { id: 2, generation: 0 }, type_name: "Position", diff_string: "PositionDiff { x: Some(5), y: Some(6) }" }
    WORLD_OPERATIONS: 0
  SYSTEM 1
    COMPONENT_CHANGES: 0
    WORLD_OPERATIONS: 0
  SYSTEM 2
    COMPONENT_CHANGES: 0
    WORLD_OPERATIONS: 0

UPDATE 65
SYSTEMS: 3
  SYSTEM 0
    COMPONENT_CHANGES: 3
      Modified { entity: Entity { id: 0, generation: 0 }, type_name: "Position", diff_string: "PositionDiff { x: Some(4), y: Some(5) }" }
      Modified { entity: Entity { id: 1, generation: 0 }, type_name: "Position", diff_string: "PositionDiff { x: Some(5), y: Some(6) }" }
      Modified { entity: Entity { id: 2, generation: 0 }, type_name: "Position", diff_string: "PositionDiff { x: Some(6), y: Some(7) }" }
    WORLD_OPERATIONS: 0
  SYSTEM 1
    COMPONENT_CHANGES: 0
    WORLD_OPERATIONS: 0
  SYSTEM 2
    COMPONENT_CHANGES: 0
    WORLD_OPERATIONS: 0

UPDATE 66
SYSTEMS: 3
  SYSTEM 0
    COMPONENT_CHANGES: 3
      Modified { entity: Entity { id: 0, generation: 0 }, type_name: "Position", diff_string: "PositionDiff { x: Some(5), y: Some(6) }" }
      Modified { entity: Entity { id: 1, generation: 0 }, type_name: "Position", diff_string: "PositionDiff { x: Some(6), y: Some(7) }" }
      Modified { entity: Entity { id: 2, generation: 0 }, type_name: "Position", diff_string: "PositionDiff { x: Some(7), y: Some(8) }" }
    WORLD_OPERATIONS: 0
  SYSTEM 1
    COMPONENT_CHANGES: 0
    WORLD_OPERATIONS: 0
  SYSTEM 2
    COMPONENT_CHANGES: 0
    WORLD_OPERATIONS: 0

UPDATE 67
SYSTEMS: 3
  SYSTEM 0
    COMPONENT_CHANGES: 3
      Modified { entity: Entity { id: 0, generation: 0 }, type_name: "Position", diff_string: "PositionDiff { x: Some(6), y: Some(7) }" }
      Modified { entity: Entity { id: 1, generation: 0 }, type_name: "Position", diff_string: "PositionDiff { x: Some(7), y: Some(8) }" }
      Modified { entity: Entity { id: 2, generation: 0 }, type_name: "Position", diff_string: "PositionDiff { x: Some(8), y: Some(9) }" }
    WORLD_OPERATIONS: 0
  SYSTEM 1
    COMPONENT_CHANGES: 0
    WORLD_OPERATIONS: 0
  SYSTEM 2
    COMPONENT_CHANGES: 0
    WORLD_OPERATIONS: 0

UPDATE 68
SYSTEMS: 3
  SYSTEM 0
    COMPONENT_CHANGES: 3
      Modified { entity: Entity { id: 0, generation: 0 }, type_name: "Position", diff_string: "PositionDiff { x: Some(7), y: Some(8) }" }
      Modified { entity: Entity { id: 1, generation: 0 }, type_name: "Position", diff_string: "PositionDiff { x: Some(8), y: Some(9) }" }
      Modified { entity: Entity { id: 2, generation: 0 }, type_name: "Position", diff_string: "PositionDiff { x: Some(9), y: Some(0) }" }
    WORLD_OPERATIONS: 0
  SYSTEM 1
    COMPONENT_CHANGES: 0
    WORLD_OPERATIONS: 0
  SYSTEM 2
    COMPONENT_CHANGES: 0
    WORLD_OPERATIONS: 0

UPDATE 69
SYSTEMS: 3
  SYSTEM 0
    COMPONENT_CHANGES: 3
      Modified { entity: Entity { id: 0, generation: 0 }, type_name: "Position", diff_string: "PositionDiff { x: Some(8), y: Some(9) }" }
      Modified { entity: Entity { id: 1, generation: 0 }, type_name: "Position", diff_string: "PositionDiff { x: Some(9), y: Some(0) }" }
      Modified { entity: Entity { id: 2, generation: 0 }, type_name: "Position", diff_string: "PositionDiff { x: Some(0), y: Some(1) }" }
    WORLD_OPERATIONS: 0
  SYSTEM 1
    COMPONENT_CHANGES: 0
    WORLD_OPERATIONS: 0
  SYSTEM 2
    COMPONENT_CHANGES: 0
    WORLD_OPERATIONS: 0

UPDATE 70
SYSTEMS: 3
  SYSTEM 0
    COMPONENT_CHANGES: 3
      Modified { entity: Entity { id: 0, generation: 0 }, type_name: "Position", diff_string: "PositionDiff { x: Some(9), y: Some(0) }" }
      Modified { entity: Entity { id: 1, generation: 0 }, type_name: "Position", diff_string: "PositionDiff { x: Some(0), y: Some(1) }" }
      Modified { entity: Entity { id: 2, generation: 0 }, type_name: "Position", diff_string: "PositionDiff { x: Some(1), y: Some(2) }" }
    WORLD_OPERATIONS: 0
  SYSTEM 1
    COMPONENT_CHANGES: 0
    WORLD_OPERATIONS: 0
  SYSTEM 2
    COMPONENT_CHANGES: 0
    WORLD_OPERATIONS: 0

UPDATE 71
SYSTEMS: 3
  SYSTEM 0
    COMPONENT_CHANGES: 3
      Modified { entity: Entity { id: 0, generation: 0 }, type_name: "Position", diff_string: "PositionDiff { x: Some(0), y: Some(1) }" }
      Modified { entity: Entity { id: 1, generation: 0 }, type_name: "Position", diff_string: "PositionDiff { x: Some(1), y: Some(2) }" }
      Modified { entity: Entity { id: 2, generation: 0 }, type_name: "Position", diff_string: "PositionDiff { x: Some(2), y: Some(3) }" }
    WORLD_OPERATIONS: 0
  SYSTEM 1
    COMPONENT_CHANGES: 1
      Modified { entity: Entity { id: 0, generation: 0 }, type_name: "WaitTimer", diff_string: "WaitTimerDiff { ticks: Some(5) }" }
    WORLD_OPERATIONS: 0
  SYSTEM 2
    COMPONENT_CHANGES: 0
    WORLD_OPERATIONS: 0

UPDATE 72
SYSTEMS: 3
  SYSTEM 0
    COMPONENT_CHANGES: 3
      Modified { entity: Entity { id: 0, generation: 0 }, type_name: "Position", diff_string: "PositionDiff { x: Some(1), y: Some(2) }" }
      Modified { entity: Entity { id: 1, generation: 0 }, type_name: "Position", diff_string: "PositionDiff { x: Some(2), y: Some(3) }" }
      Modified { entity: Entity { id: 2, generation: 0 }, type_name: "Position", diff_string: "PositionDiff { x: Some(3), y: Some(4) }" }
    WORLD_OPERATIONS: 0
  SYSTEM 1
    COMPONENT_CHANGES: 0
    WORLD_OPERATIONS: 0
  SYSTEM 2
    COMPONENT_CHANGES: 0
    WORLD_OPERATIONS: 0

UPDATE 73
SYSTEMS: 3
  SYSTEM 0
    COMPONENT_CHANGES: 3
      Modified { entity: Entity { id: 0, generation: 0 }, type_name: "Position", diff_string: "PositionDiff { x: Some(2), y: Some(3) }" }
      Modified { entity: Entity { id: 1, generation: 0 }, type_name: "Position", diff_string: "PositionDiff { x: Some(3), y: Some(4) }" }
      Modified { entity: Entity { id: 2, generation: 0 }, type_name: "Position", diff_string: "PositionDiff { x: Some(4), y: Some(5) }" }
    WORLD_OPERATIONS: 0
  SYSTEM 1
    COMPONENT_CHANGES: 0
    WORLD_OPERATIONS: 0
  SYSTEM 2
    COMPONENT_CHANGES: 0
    WORLD_OPERATIONS: 0

UPDATE 74
SYSTEMS: 3
  SYSTEM 0
    COMPONENT_CHANGES: 3
      Modified { entity: Entity { id: 0, generation: 0 }, type_name: "Position", diff_string: "PositionDiff { x: Some(3), y: Some(4) }" }
      Modified { entity: Entity { id: 1, generation: 0 }, type_name: "Position", diff_string: "PositionDiff { x: Some(4), y: Some(5) }" }
      Modified { entity: Entity { id: 2, generation: 0 }, type_name: "Position", diff_string: "PositionDiff { x: Some(5), y: Some(6) }" }
    WORLD_OPERATIONS: 0
  SYSTEM 1
    COMPONENT_CHANGES: 0
    WORLD_OPERATIONS: 0
  SYSTEM 2
    COMPONENT_CHANGES: 0
    WORLD_OPERATIONS: 0

UPDATE 75
SYSTEMS: 3
  SYSTEM 0
    COMPONENT_CHANGES: 3
      Modified { entity: Entity { id: 0, generation: 0 }, type_name: "Position", diff_string: "PositionDiff { x: Some(4), y: Some(5) }" }
      Modified { entity: Entity { id: 1, generation: 0 }, type_name: "Position", diff_string: "PositionDiff { x: Some(5), y: Some(6) }" }
      Modified { entity: Entity { id: 2, generation: 0 }, type_name: "Position", diff_string: "PositionDiff { x: Some(6), y: Some(7) }" }
    WORLD_OPERATIONS: 0
  SYSTEM 1
    COMPONENT_CHANGES: 0
    WORLD_OPERATIONS: 0
  SYSTEM 2
    COMPONENT_CHANGES: 0
    WORLD_OPERATIONS: 0

UPDATE 76
SYSTEMS: 3
  SYSTEM 0
    COMPONENT_CHANGES: 3
      Modified { entity: Entity { id: 0, generation: 0 }, type_name: "Position", diff_string: "PositionDiff { x: Some(5), y: Some(6) }" }
      Modified { entity: Entity { id: 1, generation: 0 }, type_name: "Position", diff_string: "PositionDiff { x: Some(6), y: Some(7) }" }
      Modified { entity: Entity { id: 2, generation: 0 }, type_name: "Position", diff_string: "PositionDiff { x: Some(7), y: Some(8) }" }
    WORLD_OPERATIONS: 0
  SYSTEM 1
    COMPONENT_CHANGES: 0
    WORLD_OPERATIONS: 0
  SYSTEM 2
    COMPONENT_CHANGES: 0
    WORLD_OPERATIONS: 0

UPDATE 77
SYSTEMS: 3
  SYSTEM 0
    COMPONENT_CHANGES: 3
      Modified { entity: Entity { id: 0, generation: 0 }, type_name: "Position", diff_string: "PositionDiff { x: Some(6), y: Some(7) }" }
      Modified { entity: Entity { id: 1, generation: 0 }, type_name: "Position", diff_string: "PositionDiff { x: Some(7), y: Some(8) }" }
      Modified { entity: Entity { id: 2, generation: 0 }, type_name: "Position", diff_string: "PositionDiff { x: Some(8), y: Some(9) }" }
    WORLD_OPERATIONS: 0
  SYSTEM 1
    COMPONENT_CHANGES: 0
    WORLD_OPERATIONS: 0
  SYSTEM 2
    COMPONENT_CHANGES: 0
    WORLD_OPERATIONS: 0

UPDATE 78
SYSTEMS: 3
  SYSTEM 0
    COMPONENT_CHANGES: 3
      Modified { entity: Entity { id: 0, generation: 0 }, type_name: "Position", diff_string: "PositionDiff { x: Some(7), y: Some(8) }" }
      Modified { entity: Entity { id: 1, generation: 0 }, type_name: "Position", diff_string: "PositionDiff { x: Some(8), y: Some(9) }" }
      Modified { entity: Entity { id: 2, generation: 0 }, type_name: "Position", diff_string: "PositionDiff { x: Some(9), y: Some(0) }" }
    WORLD_OPERATIONS: 0
  SYSTEM 1
    COMPONENT_CHANGES: 0
    WORLD_OPERATIONS: 0
  SYSTEM 2
    COMPONENT_CHANGES: 0
    WORLD_OPERATIONS: 0

UPDATE 79
SYSTEMS: 3
  SYSTEM 0
    COMPONENT_CHANGES: 3
      Modified { entity: Entity { id: 0, generation: 0 }, type_name: "Position", diff_string: "PositionDiff { x: Some(8), y: Some(9) }" }
      Modified { entity: Entity { id: 1, generation: 0 }, type_name: "Position", diff_string: "PositionDiff { x: Some(9), y: Some(0) }" }
      Modified { entity: Entity { id: 2, generation: 0 }, type_name: "Position", diff_string: "PositionDiff { x: Some(0), y: Some(1) }" }
    WORLD_OPERATIONS: 0
  SYSTEM 1
    COMPONENT_CHANGES: 0
    WORLD_OPERATIONS: 0
  SYSTEM 2
    COMPONENT_CHANGES: 0
    WORLD_OPERATIONS: 0

UPDATE 80
SYSTEMS: 3
  SYSTEM 0
    COMPONENT_CHANGES: 3
      Modified { entity: Entity { id: 0, generation: 0 }, type_name: "Position", diff_string: "PositionDiff { x: Some(9), y: Some(0) }" }
      Modified { entity: Entity { id: 1, generation: 0 }, type_name: "Position", diff_string: "PositionDiff { x: Some(0), y: Some(1) }" }
      Modified { entity: Entity { id: 2, generation: 0 }, type_name: "Position", diff_string: "PositionDiff { x: Some(1), y: Some(2) }" }
    WORLD_OPERATIONS: 0
  SYSTEM 1
    COMPONENT_CHANGES: 0
    WORLD_OPERATIONS: 0
  SYSTEM 2
    COMPONENT_CHANGES: 0
    WORLD_OPERATIONS: 0

UPDATE 81
SYSTEMS: 3
  SYSTEM 0
    COMPONENT_CHANGES: 3
      Modified { entity: Entity { id: 0, generation: 0 }, type_name: "Position", diff_string: "PositionDiff { x: Some(0), y: Some(1) }" }
      Modified { entity: Entity { id: 1, generation: 0 }, type_name: "Position", diff_string: "PositionDiff { x: Some(1), y: Some(2) }" }
      Modified { entity: Entity { id: 2, generation: 0 }, type_name: "Position", diff_string: "PositionDiff { x: Some(2), y: Some(3) }" }
    WORLD_OPERATIONS: 0
  SYSTEM 1
    COMPONENT_CHANGES: 1
      Modified { entity: Entity { id: 0, generation: 0 }, type_name: "WaitTimer", diff_string: "WaitTimerDiff { ticks: Some(5) }" }
    WORLD_OPERATIONS: 0
  SYSTEM 2
    COMPONENT_CHANGES: 0
    WORLD_OPERATIONS: 0

UPDATE 82
SYSTEMS: 3
  SYSTEM 0
    COMPONENT_CHANGES: 3
      Modified { entity: Entity { id: 0, generation: 0 }, type_name: "Position", diff_string: "PositionDiff { x: Some(1), y: Some(2) }" }
      Modified { entity: Entity { id: 1, generation: 0 }, type_name: "Position", diff_string: "PositionDiff { x: Some(2), y: Some(3) }" }
      Modified { entity: Entity { id: 2, generation: 0 }, type_name: "Position", diff_string: "PositionDiff { x: Some(3), y: Some(4) }" }
    WORLD_OPERATIONS: 0
  SYSTEM 1
    COMPONENT_CHANGES: 0
    WORLD_OPERATIONS: 0
  SYSTEM 2
    COMPONENT_CHANGES: 0
    WORLD_OPERATIONS: 0

UPDATE 83
SYSTEMS: 3
  SYSTEM 0
    COMPONENT_CHANGES: 3
      Modified { entity: Entity { id: 0, generation: 0 }, type_name: "Position", diff_string: "PositionDiff { x: Some(2), y: Some(3) }" }
      Modified { entity: Entity { id: 1, generation: 0 }, type_name: "Position", diff_string: "PositionDiff { x: Some(3), y: Some(4) }" }
      Modified { entity: Entity { id: 2, generation: 0 }, type_name: "Position", diff_string: "PositionDiff { x: Some(4), y: Some(5) }" }
    WORLD_OPERATIONS: 0
  SYSTEM 1
    COMPONENT_CHANGES: 0
    WORLD_OPERATIONS: 0
  SYSTEM 2
    COMPONENT_CHANGES: 0
    WORLD_OPERATIONS: 0

UPDATE 84
SYSTEMS: 3
  SYSTEM 0
    COMPONENT_CHANGES: 3
      Modified { entity: Entity { id: 0, generation: 0 }, type_name: "Position", diff_string: "PositionDiff { x: Some(3), y: Some(4) }" }
      Modified { entity: Entity { id: 1, generation: 0 }, type_name: "Position", diff_string: "PositionDiff { x: Some(4), y: Some(5) }" }
      Modified { entity: Entity { id: 2, generation: 0 }, type_name: "Position", diff_string: "PositionDiff { x: Some(5), y: Some(6) }" }
    WORLD_OPERATIONS: 0
  SYSTEM 1
    COMPONENT_CHANGES: 0
    WORLD_OPERATIONS: 0
  SYSTEM 2
    COMPONENT_CHANGES: 0
    WORLD_OPERATIONS: 0

UPDATE 85
SYSTEMS: 3
  SYSTEM 0
    COMPONENT_CHANGES: 3
      Modified { entity: Entity { id: 0, generation: 0 }, type_name: "Position", diff_string: "PositionDiff { x: Some(4), y: Some(5) }" }
      Modified { entity: Entity { id: 1, generation: 0 }, type_name: "Position", diff_string: "PositionDiff { x: Some(5), y: Some(6) }" }
      Modified { entity: Entity { id: 2, generation: 0 }, type_name: "Position", diff_string: "PositionDiff { x: Some(6), y: Some(7) }" }
    WORLD_OPERATIONS: 0
  SYSTEM 1
    COMPONENT_CHANGES: 0
    WORLD_OPERATIONS: 0
  SYSTEM 2
    COMPONENT_CHANGES: 0
    WORLD_OPERATIONS: 0

UPDATE 86
SYSTEMS: 3
  SYSTEM 0
    COMPONENT_CHANGES: 3
      Modified { entity: Entity { id: 0, generation: 0 }, type_name: "Position", diff_string: "PositionDiff { x: Some(5), y: Some(6) }" }
      Modified { entity: Entity { id: 1, generation: 0 }, type_name: "Position", diff_string: "PositionDiff { x: Some(6), y: Some(7) }" }
      Modified { entity: Entity { id: 2, generation: 0 }, type_name: "Position", diff_string: "PositionDiff { x: Some(7), y: Some(8) }" }
    WORLD_OPERATIONS: 0
  SYSTEM 1
    COMPONENT_CHANGES: 0
    WORLD_OPERATIONS: 0
  SYSTEM 2
    COMPONENT_CHANGES: 0
    WORLD_OPERATIONS: 0

UPDATE 87
SYSTEMS: 3
  SYSTEM 0
    COMPONENT_CHANGES: 3
      Modified { entity: Entity { id: 0, generation: 0 }, type_name: "Position", diff_string: "PositionDiff { x: Some(6), y: Some(7) }" }
      Modified { entity: Entity { id: 1, generation: 0 }, type_name: "Position", diff_string: "PositionDiff { x: Some(7), y: Some(8) }" }
      Modified { entity: Entity { id: 2, generation: 0 }, type_name: "Position", diff_string: "PositionDiff { x: Some(8), y: Some(9) }" }
    WORLD_OPERATIONS: 0
  SYSTEM 1
    COMPONENT_CHANGES: 0
    WORLD_OPERATIONS: 0
  SYSTEM 2
    COMPONENT_CHANGES: 0
    WORLD_OPERATIONS: 0

UPDATE 88
SYSTEMS: 3
  SYSTEM 0
    COMPONENT_CHANGES: 3
      Modified { entity: Entity { id: 0, generation: 0 }, type_name: "Position", diff_string: "PositionDiff { x: Some(7), y: Some(8) }" }
      Modified { entity: Entity { id: 1, generation: 0 }, type_name: "Position", diff_string: "PositionDiff { x: Some(8), y: Some(9) }" }
      Modified { entity: Entity { id: 2, generation: 0 }, type_name: "Position", diff_string: "PositionDiff { x: Some(9), y: Some(0) }" }
    WORLD_OPERATIONS: 0
  SYSTEM 1
    COMPONENT_CHANGES: 0
    WORLD_OPERATIONS: 0
  SYSTEM 2
    COMPONENT_CHANGES: 0
    WORLD_OPERATIONS: 0

UPDATE 89
SYSTEMS: 3
  SYSTEM 0
    COMPONENT_CHANGES: 3
      Modified { entity: Entity { id: 0, generation: 0 }, type_name: "Position", diff_string: "PositionDiff { x: Some(8), y: Some(9) }" }
      Modified { entity: Entity { id: 1, generation: 0 }, type_name: "Position", diff_string: "PositionDiff { x: Some(9), y: Some(0) }" }
      Modified { entity: Entity { id: 2, generation: 0 }, type_name: "Position", diff_string: "PositionDiff { x: Some(0), y: Some(1) }" }
    WORLD_OPERATIONS: 0
  SYSTEM 1
    COMPONENT_CHANGES: 0
    WORLD_OPERATIONS: 0
  SYSTEM 2
    COMPONENT_CHANGES: 0
    WORLD_OPERATIONS: 0

UPDATE 90
SYSTEMS: 3
  SYSTEM 0
    COMPONENT_CHANGES: 3
      Modified { entity: Entity { id: 0, generation: 0 }, type_name: "Position", diff_string: "PositionDiff { x: Some(9), y: Some(0) }" }
      Modified { entity: Entity { id: 1, generation: 0 }, type_name: "Position", diff_string: "PositionDiff { x: Some(0), y: Some(1) }" }
      Modified { entity: Entity { id: 2, generation: 0 }, type_name: "Position", diff_string: "PositionDiff { x: Some(1), y: Some(2) }" }
    WORLD_OPERATIONS: 0
  SYSTEM 1
    COMPONENT_CHANGES: 0
    WORLD_OPERATIONS: 0
  SYSTEM 2
    COMPONENT_CHANGES: 0
    WORLD_OPERATIONS: 0

UPDATE 91
SYSTEMS: 3
  SYSTEM 0
    COMPONENT_CHANGES: 3
      Modified { entity: Entity { id: 0, generation: 0 }, type_name: "Position", diff_string: "PositionDiff { x: Some(0), y: Some(1) }" }
      Modified { entity: Entity { id: 1, generation: 0 }, type_name: "Position", diff_string: "PositionDiff { x: Some(1), y: Some(2) }" }
      Modified { entity: Entity { id: 2, generation: 0 }, type_name: "Position", diff_string: "PositionDiff { x: Some(2), y: Some(3) }" }
    WORLD_OPERATIONS: 0
  SYSTEM 1
    COMPONENT_CHANGES: 1
      Modified { entity: Entity { id: 0, generation: 0 }, type_name: "WaitTimer", diff_string: "WaitTimerDiff { ticks: Some(5) }" }
    WORLD_OPERATIONS: 0
  SYSTEM 2
    COMPONENT_CHANGES: 0
    WORLD_OPERATIONS: 0

UPDATE 92
SYSTEMS: 3
  SYSTEM 0
    COMPONENT_CHANGES: 3
      Modified { entity: Entity { id: 0, generation: 0 }, type_name: "Position", diff_string: "PositionDiff { x: Some(1), y: Some(2) }" }
      Modified { entity: Entity { id: 1, generation: 0 }, type_name: "Position", diff_string: "PositionDiff { x: Some(2), y: Some(3) }" }
      Modified { entity: Entity { id: 2, generation: 0 }, type_name: "Position", diff_string: "PositionDiff { x: Some(3), y: Some(4) }" }
    WORLD_OPERATIONS: 0
  SYSTEM 1
    COMPONENT_CHANGES: 0
    WORLD_OPERATIONS: 0
  SYSTEM 2
    COMPONENT_CHANGES: 0
    WORLD_OPERATIONS: 0

UPDATE 93
SYSTEMS: 3
  SYSTEM 0
    COMPONENT_CHANGES: 3
      Modified { entity: Entity { id: 0, generation: 0 }, type_name: "Position", diff_string: "PositionDiff { x: Some(2), y: Some(3) }" }
      Modified { entity: Entity { id: 1, generation: 0 }, type_name: "Position", diff_string: "PositionDiff { x: Some(3), y: Some(4) }" }
      Modified { entity: Entity { id: 2, generation: 0 }, type_name: "Position", diff_string: "PositionDiff { x: Some(4), y: Some(5) }" }
    WORLD_OPERATIONS: 0
  SYSTEM 1
    COMPONENT_CHANGES: 0
    WORLD_OPERATIONS: 0
  SYSTEM 2
    COMPONENT_CHANGES: 0
    WORLD_OPERATIONS: 0

UPDATE 94
SYSTEMS: 3
  SYSTEM 0
    COMPONENT_CHANGES: 3
      Modified { entity: Entity { id: 0, generation: 0 }, type_name: "Position", diff_string: "PositionDiff { x: Some(3), y: Some(4) }" }
      Modified { entity: Entity { id: 1, generation: 0 }, type_name: "Position", diff_string: "PositionDiff { x: Some(4), y: Some(5) }" }
      Modified { entity: Entity { id: 2, generation: 0 }, type_name: "Position", diff_string: "PositionDiff { x: Some(5), y: Some(6) }" }
    WORLD_OPERATIONS: 0
  SYSTEM 1
    COMPONENT_CHANGES: 0
    WORLD_OPERATIONS: 0
  SYSTEM 2
    COMPONENT_CHANGES: 0
    WORLD_OPERATIONS: 0

UPDATE 95
SYSTEMS: 3
  SYSTEM 0
    COMPONENT_CHANGES: 3
      Modified { entity: Entity { id: 0, generation: 0 }, type_name: "Position", diff_string: "PositionDiff { x: Some(4), y: Some(5) }" }
      Modified { entity: Entity { id: 1, generation: 0 }, type_name: "Position", diff_string: "PositionDiff { x: Some(5), y: Some(6) }" }
      Modified { entity: Entity { id: 2, generation: 0 }, type_name: "Position", diff_string: "PositionDiff { x: Some(6), y: Some(7) }" }
    WORLD_OPERATIONS: 0
  SYSTEM 1
    COMPONENT_CHANGES: 0
    WORLD_OPERATIONS: 0
  SYSTEM 2
    COMPONENT_CHANGES: 0
    WORLD_OPERATIONS: 0

UPDATE 96
SYSTEMS: 3
  SYSTEM 0
    COMPONENT_CHANGES: 3
      Modified { entity: Entity { id: 0, generation: 0 }, type_name: "Position", diff_string: "PositionDiff { x: Some(5), y: Some(6) }" }
      Modified { entity: Entity { id: 1, generation: 0 }, type_name: "Position", diff_string: "PositionDiff { x: Some(6), y: Some(7) }" }
      Modified { entity: Entity { id: 2, generation: 0 }, type_name: "Position", diff_string: "PositionDiff { x: Some(7), y: Some(8) }" }
    WORLD_OPERATIONS: 0
  SYSTEM 1
    COMPONENT_CHANGES: 0
    WORLD_OPERATIONS: 0
  SYSTEM 2
    COMPONENT_CHANGES: 0
    WORLD_OPERATIONS: 0

UPDATE 97
SYSTEMS: 3
  SYSTEM 0
    COMPONENT_CHANGES: 3
      Modified { entity: Entity { id: 0, generation: 0 }, type_name: "Position", diff_string: "PositionDiff { x: Some(6), y: Some(7) }" }
      Modified { entity: Entity { id: 1, generation: 0 }, type_name: "Position", diff_string: "PositionDiff { x: Some(7), y: Some(8) }" }
      Modified { entity: Entity { id: 2, generation: 0 }, type_name: "Position", diff_string: "PositionDiff { x: Some(8), y: Some(9) }" }
    WORLD_OPERATIONS: 0
  SYSTEM 1
    COMPONENT_CHANGES: 0
    WORLD_OPERATIONS: 0
  SYSTEM 2
    COMPONENT_CHANGES: 0
    WORLD_OPERATIONS: 0

UPDATE 98
SYSTEMS: 3
  SYSTEM 0
    COMPONENT_CHANGES: 3
      Modified { entity: Entity { id: 0, generation: 0 }, type_name: "Position", diff_string: "PositionDiff { x: Some(7), y: Some(8) }" }
      Modified { entity: Entity { id: 1, generation: 0 }, type_name: "Position", diff_string: "PositionDiff { x: Some(8), y: Some(9) }" }
      Modified { entity: Entity { id: 2, generation: 0 }, type_name: "Position", diff_string: "PositionDiff { x: Some(9), y: Some(0) }" }
    WORLD_OPERATIONS: 0
  SYSTEM 1
    COMPONENT_CHANGES: 0
    WORLD_OPERATIONS: 0
  SYSTEM 2
    COMPONENT_CHANGES: 0
    WORLD_OPERATIONS: 0

UPDATE 99
SYSTEMS: 3
  SYSTEM 0
    COMPONENT_CHANGES: 3
      Modified { entity: Entity { id: 0, generation: 0 }, type_name: "Position", diff_string: "PositionDiff { x: Some(8), y: Some(9) }" }
      Modified { entity: Entity { id: 1, generation: 0 }, type_name: "Position", diff_string: "PositionDiff { x: Some(9), y: Some(0) }" }
      Modified { entity: Entity { id: 2, generation: 0 }, type_name: "Position", diff_string: "PositionDiff { x: Some(0), y: Some(1) }" }
    WORLD_OPERATIONS: 0
  SYSTEM 1
    COMPONENT_CHANGES: 0
    WORLD_OPERATIONS: 0
  SYSTEM 2
    COMPONENT_CHANGES: 0
    WORLD_OPERATIONS: 0

UPDATE 100
SYSTEMS: 3
  SYSTEM 0
    COMPONENT_CHANGES: 3
      Modified { entity: Entity { id: 0, generation: 0 }, type_name: "Position", diff_string: "PositionDiff { x: Some(9), y: Some(0) }" }
      Modified { entity: Entity { id: 1, generation: 0 }, type_name: "Position", diff_string: "PositionDiff { x: Some(0), y: Some(1) }" }
      Modified { entity: Entity { id: 2, generation: 0 }, type_name: "Position", diff_string: "PositionDiff { x: Some(1), y: Some(2) }" }
    WORLD_OPERATIONS: 0
  SYSTEM 1
    COMPONENT_CHANGES: 0
    WORLD_OPERATIONS: 0
  SYSTEM 2
    COMPONENT_CHANGES: 0
    WORLD_OPERATIONS: 0

UPDATE 101
SYSTEMS: 3
  SYSTEM 0
    COMPONENT_CHANGES: 3
      Modified { entity: Entity { id: 0, generation: 0 }, type_name: "Position", diff_string: "PositionDiff { x: Some(0), y: Some(1) }" }
      Modified { entity: Entity { id: 1, generation: 0 }, type_name: "Position", diff_string: "PositionDiff { x: Some(1), y: Some(2) }" }
      Modified { entity: Entity { id: 2, generation: 0 }, type_name: "Position", diff_string: "PositionDiff { x: Some(2), y: Some(3) }" }
    WORLD_OPERATIONS: 0
  SYSTEM 1
    COMPONENT_CHANGES: 1
      Modified { entity: Entity { id: 0, generation: 0 }, type_name: "WaitTimer", diff_string: "WaitTimerDiff { ticks: Some(5) }" }
    WORLD_OPERATIONS: 0
  SYSTEM 2
    COMPONENT_CHANGES: 0
    WORLD_OPERATIONS: 0

UPDATE 102
SYSTEMS: 3
  SYSTEM 0
    COMPONENT_CHANGES: 3
      Modified { entity: Entity { id: 0, generation: 0 }, type_name: "Position", diff_string: "PositionDiff { x: Some(1), y: Some(2) }" }
      Modified { entity: Entity { id: 1, generation: 0 }, type_name: "Position", diff_string: "PositionDiff { x: Some(2), y: Some(3) }" }
      Modified { entity: Entity { id: 2, generation: 0 }, type_name: "Position", diff_string: "PositionDiff { x: Some(3), y: Some(4) }" }
    WORLD_OPERATIONS: 0
  SYSTEM 1
    COMPONENT_CHANGES: 0
    WORLD_OPERATIONS: 0
  SYSTEM 2
    COMPONENT_CHANGES: 0
    WORLD_OPERATIONS: 0

UPDATE 103
SYSTEMS: 3
  SYSTEM 0
    COMPONENT_CHANGES: 3
      Modified { entity: Entity { id: 0, generation: 0 }, type_name: "Position", diff_string: "PositionDiff { x: Some(2), y: Some(3) }" }
      Modified { entity: Entity { id: 1, generation: 0 }, type_name: "Position", diff_string: "PositionDiff { x: Some(3), y: Some(4) }" }
      Modified { entity: Entity { id: 2, generation: 0 }, type_name: "Position", diff_string: "PositionDiff { x: Some(4), y: Some(5) }" }
    WORLD_OPERATIONS: 0
  SYSTEM 1
    COMPONENT_CHANGES: 0
    WORLD_OPERATIONS: 0
  SYSTEM 2
    COMPONENT_CHANGES: 0
    WORLD_OPERATIONS: 0

UPDATE 104
SYSTEMS: 3
  SYSTEM 0
    COMPONENT_CHANGES: 3
      Modified { entity: Entity { id: 0, generation: 0 }, type_name: "Position", diff_string: "PositionDiff { x: Some(3), y: Some(4) }" }
      Modified { entity: Entity { id: 1, generation: 0 }, type_name: "Position", diff_string: "PositionDiff { x: Some(4), y: Some(5) }" }
      Modified { entity: Entity { id: 2, generation: 0 }, type_name: "Position", diff_string: "PositionDiff { x: Some(5), y: Some(6) }" }
    WORLD_OPERATIONS: 0
  SYSTEM 1
    COMPONENT_CHANGES: 0
    WORLD_OPERATIONS: 0
  SYSTEM 2
    COMPONENT_CHANGES: 0
    WORLD_OPERATIONS: 0

UPDATE 105
SYSTEMS: 3
  SYSTEM 0
    COMPONENT_CHANGES: 3
      Modified { entity: Entity { id: 0, generation: 0 }, type_name: "Position", diff_string: "PositionDiff { x: Some(4), y: Some(5) }" }
      Modified { entity: Entity { id: 1, generation: 0 }, type_name: "Position", diff_string: "PositionDiff { x: Some(5), y: Some(6) }" }
      Modified { entity: Entity { id: 2, generation: 0 }, type_name: "Position", diff_string: "PositionDiff { x: Some(6), y: Some(7) }" }
    WORLD_OPERATIONS: 0
  SYSTEM 1
    COMPONENT_CHANGES: 0
    WORLD_OPERATIONS: 0
  SYSTEM 2
    COMPONENT_CHANGES: 0
    WORLD_OPERATIONS: 0

UPDATE 106
SYSTEMS: 3
  SYSTEM 0
    COMPONENT_CHANGES: 3
      Modified { entity: Entity { id: 0, generation: 0 }, type_name: "Position", diff_string: "PositionDiff { x: Some(5), y: Some(6) }" }
      Modified { entity: Entity { id: 1, generation: 0 }, type_name: "Position", diff_string: "PositionDiff { x: Some(6), y: Some(7) }" }
      Modified { entity: Entity { id: 2, generation: 0 }, type_name: "Position", diff_string: "PositionDiff { x: Some(7), y: Some(8) }" }
    WORLD_OPERATIONS: 0
  SYSTEM 1
    COMPONENT_CHANGES: 0
    WORLD_OPERATIONS: 0
  SYSTEM 2
    COMPONENT_CHANGES: 0
    WORLD_OPERATIONS: 0

UPDATE 107
SYSTEMS: 3
  SYSTEM 0
    COMPONENT_CHANGES: 3
      Modified { entity: Entity { id: 0, generation: 0 }, type_name: "Position", diff_string: "PositionDiff { x: Some(6), y: Some(7) }" }
      Modified { entity: Entity { id: 1, generation: 0 }, type_name: "Position", diff_string: "PositionDiff { x: Some(7), y: Some(8) }" }
      Modified { entity: Entity { id: 2, generation: 0 }, type_name: "Position", diff_string: "PositionDiff { x: Some(8), y: Some(9) }" }
    WORLD_OPERATIONS: 0
  SYSTEM 1
    COMPONENT_CHANGES: 0
    WORLD_OPERATIONS: 0
  SYSTEM 2
    COMPONENT_CHANGES: 0
    WORLD_OPERATIONS: 0

UPDATE 108
SYSTEMS: 3
  SYSTEM 0
    COMPONENT_CHANGES: 3
      Modified { entity: Entity { id: 0, generation: 0 }, type_name: "Position", diff_string: "PositionDiff { x: Some(7), y: Some(8) }" }
      Modified { entity: Entity { id: 1, generation: 0 }, type_name: "Position", diff_string: "PositionDiff { x: Some(8), y: Some(9) }" }
      Modified { entity: Entity { id: 2, generation: 0 }, type_name: "Position", diff_string: "PositionDiff { x: Some(9), y: Some(0) }" }
    WORLD_OPERATIONS: 0
  SYSTEM 1
    COMPONENT_CHANGES: 0
    WORLD_OPERATIONS: 0
  SYSTEM 2
    COMPONENT_CHANGES: 0
    WORLD_OPERATIONS: 0

UPDATE 109
SYSTEMS: 3
  SYSTEM 0
    COMPONENT_CHANGES: 3
      Modified { entity: Entity { id: 0, generation: 0 }, type_name: "Position", diff_string: "PositionDiff { x: Some(8), y: Some(9) }" }
      Modified { entity: Entity { id: 1, generation: 0 }, type_name: "Position", diff_string: "PositionDiff { x: Some(9), y: Some(0) }" }
      Modified { entity: Entity { id: 2, generation: 0 }, type_name: "Position", diff_string: "PositionDiff { x: Some(0), y: Some(1) }" }
    WORLD_OPERATIONS: 0
  SYSTEM 1
    COMPONENT_CHANGES: 0
    WORLD_OPERATIONS: 0
  SYSTEM 2
    COMPONENT_CHANGES: 0
    WORLD_OPERATIONS: 0

UPDATE 110
SYSTEMS: 3
  SYSTEM 0
    COMPONENT_CHANGES: 3
      Modified { entity: Entity { id: 0, generation: 0 }, type_name: "Position", diff_string: "PositionDiff { x: Some(9), y: Some(0) }" }
      Modified { entity: Entity { id: 1, generation: 0 }, type_name: "Position", diff_string: "PositionDiff { x: Some(0), y: Some(1) }" }
      Modified { entity: Entity { id: 2, generation: 0 }, type_name: "Position", diff_string: "PositionDiff { x: Some(1), y: Some(2) }" }
    WORLD_OPERATIONS: 0
  SYSTEM 1
    COMPONENT_CHANGES: 0
    WORLD_OPERATIONS: 0
  SYSTEM 2
    COMPONENT_CHANGES: 0
    WORLD_OPERATIONS: 0

UPDATE 111
SYSTEMS: 3
  SYSTEM 0
    COMPONENT_CHANGES: 3
      Modified { entity: Entity { id: 0, generation: 0 }, type_name: "Position", diff_string: "PositionDiff { x: Some(0), y: Some(1) }" }
      Modified { entity: Entity { id: 1, generation: 0 }, type_name: "Position", diff_string: "PositionDiff { x: Some(1), y: Some(2) }" }
      Modified { entity: Entity { id: 2, generation: 0 }, type_name: "Position", diff_string: "PositionDiff { x: Some(2), y: Some(3) }" }
    WORLD_OPERATIONS: 0
  SYSTEM 1
    COMPONENT_CHANGES: 1
      Modified { entity: Entity { id: 0, generation: 0 }, type_name: "WaitTimer", diff_string: "WaitTimerDiff { ticks: Some(5) }" }
    WORLD_OPERATIONS: 0
  SYSTEM 2
    COMPONENT_CHANGES: 0
    WORLD_OPERATIONS: 0

UPDATE 112
SYSTEMS: 3
  SYSTEM 0
    COMPONENT_CHANGES: 3
      Modified { entity: Entity { id: 0, generation: 0 }, type_name: "Position", diff_string: "PositionDiff { x: Some(1), y: Some(2) }" }
      Modified { entity: Entity { id: 1, generation: 0 }, type_name: "Position", diff_string: "PositionDiff { x: Some(2), y: Some(3) }" }
      Modified { entity: Entity { id: 2, generation: 0 }, type_name: "Position", diff_string: "PositionDiff { x: Some(3), y: Some(4) }" }
    WORLD_OPERATIONS: 0
  SYSTEM 1
    COMPONENT_CHANGES: 0
    WORLD_OPERATIONS: 0
  SYSTEM 2
    COMPONENT_CHANGES: 0
    WORLD_OPERATIONS: 0

UPDATE 113
SYSTEMS: 3
  SYSTEM 0
    COMPONENT_CHANGES: 3
      Modified { entity: Entity { id: 0, generation: 0 }, type_name: "Position", diff_string: "PositionDiff { x: Some(2), y: Some(3) }" }
      Modified { entity: Entity { id: 1, generation: 0 }, type_name: "Position", diff_string: "PositionDiff { x: Some(3), y: Some(4) }" }
      Modified { entity: Entity { id: 2, generation: 0 }, type_name: "Position", diff_string: "PositionDiff { x: Some(4), y: Some(5) }" }
    WORLD_OPERATIONS: 0
  SYSTEM 1
    COMPONENT_CHANGES: 0
    WORLD_OPERATIONS: 0
  SYSTEM 2
    COMPONENT_CHANGES: 0
    WORLD_OPERATIONS: 0

UPDATE 114
SYSTEMS: 3
  SYSTEM 0
    COMPONENT_CHANGES: 3
      Modified { entity: Entity { id: 0, generation: 0 }, type_name: "Position", diff_string: "PositionDiff { x: Some(3), y: Some(4) }" }
      Modified { entity: Entity { id: 1, generation: 0 }, type_name: "Position", diff_string: "PositionDiff { x: Some(4), y: Some(5) }" }
      Modified { entity: Entity { id: 2, generation: 0 }, type_name: "Position", diff_string: "PositionDiff { x: Some(5), y: Some(6) }" }
    WORLD_OPERATIONS: 0
  SYSTEM 1
    COMPONENT_CHANGES: 0
    WORLD_OPERATIONS: 0
  SYSTEM 2
    COMPONENT_CHANGES: 0
    WORLD_OPERATIONS: 0

UPDATE 115
SYSTEMS: 3
  SYSTEM 0
    COMPONENT_CHANGES: 3
      Modified { entity: Entity { id: 0, generation: 0 }, type_name: "Position", diff_string: "PositionDiff { x: Some(4), y: Some(5) }" }
      Modified { entity: Entity { id: 1, generation: 0 }, type_name: "Position", diff_string: "PositionDiff { x: Some(5), y: Some(6) }" }
      Modified { entity: Entity { id: 2, generation: 0 }, type_name: "Position", diff_string: "PositionDiff { x: Some(6), y: Some(7) }" }
    WORLD_OPERATIONS: 0
  SYSTEM 1
    COMPONENT_CHANGES: 0
    WORLD_OPERATIONS: 0
  SYSTEM 2
    COMPONENT_CHANGES: 0
    WORLD_OPERATIONS: 0

UPDATE 116
SYSTEMS: 3
  SYSTEM 0
    COMPONENT_CHANGES: 3
      Modified { entity: Entity { id: 0, generation: 0 }, type_name: "Position", diff_string: "PositionDiff { x: Some(5), y: Some(6) }" }
      Modified { entity: Entity { id: 1, generation: 0 }, type_name: "Position", diff_string: "PositionDiff { x: Some(6), y: Some(7) }" }
      Modified { entity: Entity { id: 2, generation: 0 }, type_name: "Position", diff_string: "PositionDiff { x: Some(7), y: Some(8) }" }
    WORLD_OPERATIONS: 0
  SYSTEM 1
    COMPONENT_CHANGES: 0
    WORLD_OPERATIONS: 0
  SYSTEM 2
    COMPONENT_CHANGES: 0
    WORLD_OPERATIONS: 0

UPDATE 117
SYSTEMS: 3
  SYSTEM 0
    COMPONENT_CHANGES: 3
      Modified { entity: Entity { id: 0, generation: 0 }, type_name: "Position", diff_string: "PositionDiff { x: Some(6), y: Some(7) }" }
      Modified { entity: Entity { id: 1, generation: 0 }, type_name: "Position", diff_string: "PositionDiff { x: Some(7), y: Some(8) }" }
      Modified { entity: Entity { id: 2, generation: 0 }, type_name: "Position", diff_string: "PositionDiff { x: Some(8), y: Some(9) }" }
    WORLD_OPERATIONS: 0
  SYSTEM 1
    COMPONENT_CHANGES: 0
    WORLD_OPERATIONS: 0
  SYSTEM 2
    COMPONENT_CHANGES: 0
    WORLD_OPERATIONS: 0

UPDATE 118
SYSTEMS: 3
  SYSTEM 0
    COMPONENT_CHANGES: 3
      Modified { entity: Entity { id: 0, generation: 0 }, type_name: "Position", diff_string: "PositionDiff { x: Some(7), y: Some(8) }" }
      Modified { entity: Entity { id: 1, generation: 0 }, type_name: "Position", diff_string: "PositionDiff { x: Some(8), y: Some(9) }" }
      Modified { entity: Entity { id: 2, generation: 0 }, type_name: "Position", diff_string: "PositionDiff { x: Some(9), y: Some(0) }" }
    WORLD_OPERATIONS: 0
  SYSTEM 1
    COMPONENT_CHANGES: 0
    WORLD_OPERATIONS: 0
  SYSTEM 2
    COMPONENT_CHANGES: 0
    WORLD_OPERATIONS: 0

UPDATE 119
SYSTEMS: 3
  SYSTEM 0
    COMPONENT_CHANGES: 3
      Modified { entity: Entity { id: 0, generation: 0 }, type_name: "Position", diff_string: "PositionDiff { x: Some(8), y: Some(9) }" }
      Modified { entity: Entity { id: 1, generation: 0 }, type_name: "Position", diff_string: "PositionDiff { x: Some(9), y: Some(0) }" }
      Modified { entity: Entity { id: 2, generation: 0 }, type_name: "Position", diff_string: "PositionDiff { x: Some(0), y: Some(1) }" }
    WORLD_OPERATIONS: 0
  SYSTEM 1
    COMPONENT_CHANGES: 0
    WORLD_OPERATIONS: 0
  SYSTEM 2
    COMPONENT_CHANGES: 0
    WORLD_OPERATIONS: 0

UPDATE 120
SYSTEMS: 3
  SYSTEM 0
    COMPONENT_CHANGES: 3
      Modified { entity: Entity { id: 0, generation: 0 }, type_name: "Position", diff_string: "PositionDiff { x: Some(9), y: Some(0) }" }
      Modified { entity: Entity { id: 1, generation: 0 }, type_name: "Position", diff_string: "PositionDiff { x: Some(0), y: Some(1) }" }
      Modified { entity: Entity { id: 2, generation: 0 }, type_name: "Position", diff_string: "PositionDiff { x: Some(1), y: Some(2) }" }
    WORLD_OPERATIONS: 0
  SYSTEM 1
    COMPONENT_CHANGES: 0
    WORLD_OPERATIONS: 0
  SYSTEM 2
    COMPONENT_CHANGES: 0
    WORLD_OPERATIONS: 0

UPDATE 121
SYSTEMS: 3
  SYSTEM 0
    COMPONENT_CHANGES: 3
      Modified { entity: Entity { id: 0, generation: 0 }, type_name: "Position", diff_string: "PositionDiff { x: Some(0), y: Some(1) }" }
      Modified { entity: Entity { id: 1, generation: 0 }, type_name: "Position", diff_string: "PositionDiff { x: Some(1), y: Some(2) }" }
      Modified { entity: Entity { id: 2, generation: 0 }, type_name: "Position", diff_string: "PositionDiff { x: Some(2), y: Some(3) }" }
    WORLD_OPERATIONS: 0
  SYSTEM 1
    COMPONENT_CHANGES: 1
      Modified { entity: Entity { id: 0, generation: 0 }, type_name: "WaitTimer", diff_string: "WaitTimerDiff { ticks: Some(5) }" }
    WORLD_OPERATIONS: 0
  SYSTEM 2
    COMPONENT_CHANGES: 0
    WORLD_OPERATIONS: 0

UPDATE 122
SYSTEMS: 3
  SYSTEM 0
    COMPONENT_CHANGES: 3
      Modified { entity: Entity { id: 0, generation: 0 }, type_name: "Position", diff_string: "PositionDiff { x: Some(1), y: Some(2) }" }
      Modified { entity: Entity { id: 1, generation: 0 }, type_name: "Position", diff_string: "PositionDiff { x: Some(2), y: Some(3) }" }
      Modified { entity: Entity { id: 2, generation: 0 }, type_name: "Position", diff_string: "PositionDiff { x: Some(3), y: Some(4) }" }
    WORLD_OPERATIONS: 0
  SYSTEM 1
    COMPONENT_CHANGES: 0
    WORLD_OPERATIONS: 0
  SYSTEM 2
    COMPONENT_CHANGES: 0
    WORLD_OPERATIONS: 0

UPDATE 123
SYSTEMS: 3
  SYSTEM 0
    COMPONENT_CHANGES: 3
      Modified { entity: Entity { id: 0, generation: 0 }, type_name: "Position", diff_string: "PositionDiff { x: Some(2), y: Some(3) }" }
      Modified { entity: Entity { id: 1, generation: 0 }, type_name: "Position", diff_string: "PositionDiff { x: Some(3), y: Some(4) }" }
      Modified { entity: Entity { id: 2, generation: 0 }, type_name: "Position", diff_string: "PositionDiff { x: Some(4), y: Some(5) }" }
    WORLD_OPERATIONS: 0
  SYSTEM 1
    COMPONENT_CHANGES: 0
    WORLD_OPERATIONS: 0
  SYSTEM 2
    COMPONENT_CHANGES: 0
    WORLD_OPERATIONS: 0

UPDATE 124
SYSTEMS: 3
  SYSTEM 0
    COMPONENT_CHANGES: 3
      Modified { entity: Entity { id: 0, generation: 0 }, type_name: "Position", diff_string: "PositionDiff { x: Some(3), y: Some(4) }" }
      Modified { entity: Entity { id: 1, generation: 0 }, type_name: "Position", diff_string: "PositionDiff { x: Some(4), y: Some(5) }" }
      Modified { entity: Entity { id: 2, generation: 0 }, type_name: "Position", diff_string: "PositionDiff { x: Some(5), y: Some(6) }" }
    WORLD_OPERATIONS: 0
  SYSTEM 1
    COMPONENT_CHANGES: 0
    WORLD_OPERATIONS: 0
  SYSTEM 2
    COMPONENT_CHANGES: 0
    WORLD_OPERATIONS: 0

UPDATE 125
SYSTEMS: 3
  SYSTEM 0
    COMPONENT_CHANGES: 3
      Modified { entity: Entity { id: 0, generation: 0 }, type_name: "Position", diff_string: "PositionDiff { x: Some(4), y: Some(5) }" }
      Modified { entity: Entity { id: 1, generation: 0 }, type_name: "Position", diff_string: "PositionDiff { x: Some(5), y: Some(6) }" }
      Modified { entity: Entity { id: 2, generation: 0 }, type_name: "Position", diff_string: "PositionDiff { x: Some(6), y: Some(7) }" }
    WORLD_OPERATIONS: 0
  SYSTEM 1
    COMPONENT_CHANGES: 0
    WORLD_OPERATIONS: 0
  SYSTEM 2
    COMPONENT_CHANGES: 0
    WORLD_OPERATIONS: 0

UPDATE 126
SYSTEMS: 3
  SYSTEM 0
    COMPONENT_CHANGES: 3
      Modified { entity: Entity { id: 0, generation: 0 }, type_name: "Position", diff_string: "PositionDiff { x: Some(5), y: Some(6) }" }
      Modified { entity: Entity { id: 1, generation: 0 }, type_name: "Position", diff_string: "PositionDiff { x: Some(6), y: Some(7) }" }
      Modified { entity: Entity { id: 2, generation: 0 }, type_name: "Position", diff_string: "PositionDiff { x: Some(7), y: Some(8) }" }
    WORLD_OPERATIONS: 0
  SYSTEM 1
    COMPONENT_CHANGES: 0
    WORLD_OPERATIONS: 0
  SYSTEM 2
    COMPONENT_CHANGES: 0
    WORLD_OPERATIONS: 0

UPDATE 127
SYSTEMS: 3
  SYSTEM 0
    COMPONENT_CHANGES: 3
      Modified { entity: Entity { id: 0, generation: 0 }, type_name: "Position", diff_string: "PositionDiff { x: Some(6), y: Some(7) }" }
      Modified { entity: Entity { id: 1, generation: 0 }, type_name: "Position", diff_string: "PositionDiff { x: Some(7), y: Some(8) }" }
      Modified { entity: Entity { id: 2, generation: 0 }, type_name: "Position", diff_string: "PositionDiff { x: Some(8), y: Some(9) }" }
    WORLD_OPERATIONS: 0
  SYSTEM 1
    COMPONENT_CHANGES: 0
    WORLD_OPERATIONS: 0
  SYSTEM 2
    COMPONENT_CHANGES: 0
    WORLD_OPERATIONS: 0

UPDATE 128
SYSTEMS: 3
  SYSTEM 0
    COMPONENT_CHANGES: 3
      Modified { entity: Entity { id: 0, generation: 0 }, type_name: "Position", diff_string: "PositionDiff { x: Some(7), y: Some(8) }" }
      Modified { entity: Entity { id: 1, generation: 0 }, type_name: "Position", diff_string: "PositionDiff { x: Some(8), y: Some(9) }" }
      Modified { entity: Entity { id: 2, generation: 0 }, type_name: "Position", diff_string: "PositionDiff { x: Some(9), y: Some(0) }" }
    WORLD_OPERATIONS: 0
  SYSTEM 1
    COMPONENT_CHANGES: 0
    WORLD_OPERATIONS: 0
  SYSTEM 2
    COMPONENT_CHANGES: 0
    WORLD_OPERATIONS: 0

UPDATE 129
SYSTEMS: 3
  SYSTEM 0
    COMPONENT_CHANGES: 3
      Modified { entity: Entity { id: 0, generation: 0 }, type_name: "Position", diff_string: "PositionDiff { x: Some(8), y: Some(9) }" }
      Modified { entity: Entity { id: 1, generation: 0 }, type_name: "Position", diff_string: "PositionDiff { x: Some(9), y: Some(0) }" }
      Modified { entity: Entity { id: 2, generation: 0 }, type_name: "Position", diff_string: "PositionDiff { x: Some(0), y: Some(1) }" }
    WORLD_OPERATIONS: 0
  SYSTEM 1
    COMPONENT_CHANGES: 0
    WORLD_OPERATIONS: 0
  SYSTEM 2
    COMPONENT_CHANGES: 0
    WORLD_OPERATIONS: 0

UPDATE 130
SYSTEMS: 3
  SYSTEM 0
    COMPONENT_CHANGES: 3
      Modified { entity: Entity { id: 0, generation: 0 }, type_name: "Position", diff_string: "PositionDiff { x: Some(9), y: Some(0) }" }
      Modified { entity: Entity { id: 1, generation: 0 }, type_name: "Position", diff_string: "PositionDiff { x: Some(0), y: Some(1) }" }
      Modified { entity: Entity { id: 2, generation: 0 }, type_name: "Position", diff_string: "PositionDiff { x: Some(1), y: Some(2) }" }
    WORLD_OPERATIONS: 0
  SYSTEM 1
    COMPONENT_CHANGES: 0
    WORLD_OPERATIONS: 0
  SYSTEM 2
    COMPONENT_CHANGES: 0
    WORLD_OPERATIONS: 0

UPDATE 131
SYSTEMS: 3
  SYSTEM 0
    COMPONENT_CHANGES: 3
      Modified { entity: Entity { id: 0, generation: 0 }, type_name: "Position", diff_string: "PositionDiff { x: Some(0), y: Some(1) }" }
      Modified { entity: Entity { id: 1, generation: 0 }, type_name: "Position", diff_string: "PositionDiff { x: Some(1), y: Some(2) }" }
      Modified { entity: Entity { id: 2, generation: 0 }, type_name: "Position", diff_string: "PositionDiff { x: Some(2), y: Some(3) }" }
    WORLD_OPERATIONS: 0
  SYSTEM 1
    COMPONENT_CHANGES: 1
      Modified { entity: Entity { id: 0, generation: 0 }, type_name: "WaitTimer", diff_string: "WaitTimerDiff { ticks: Some(5) }" }
    WORLD_OPERATIONS: 0
  SYSTEM 2
    COMPONENT_CHANGES: 0
    WORLD_OPERATIONS: 0

UPDATE 132
SYSTEMS: 3
  SYSTEM 0
    COMPONENT_CHANGES: 3
      Modified { entity: Entity { id: 0, generation: 0 }, type_name: "Position", diff_string: "PositionDiff { x: Some(1), y: Some(2) }" }
      Modified { entity: Entity { id: 1, generation: 0 }, type_name: "Position", diff_string: "PositionDiff { x: Some(2), y: Some(3) }" }
      Modified { entity: Entity { id: 2, generation: 0 }, type_name: "Position", diff_string: "PositionDiff { x: Some(3), y: Some(4) }" }
    WORLD_OPERATIONS: 0
  SYSTEM 1
    COMPONENT_CHANGES: 0
    WORLD_OPERATIONS: 0
  SYSTEM 2
    COMPONENT_CHANGES: 0
    WORLD_OPERATIONS: 0

UPDATE 133
SYSTEMS: 3
  SYSTEM 0
    COMPONENT_CHANGES: 3
      Modified { entity: Entity { id: 0, generation: 0 }, type_name: "Position", diff_string: "PositionDiff { x: Some(2), y: Some(3) }" }
      Modified { entity: Entity { id: 1, generation: 0 }, type_name: "Position", diff_string: "PositionDiff { x: Some(3), y: Some(4) }" }
      Modified { entity: Entity { id: 2, generation: 0 }, type_name: "Position", diff_string: "PositionDiff { x: Some(4), y: Some(5) }" }
    WORLD_OPERATIONS: 0
  SYSTEM 1
    COMPONENT_CHANGES: 0
    WORLD_OPERATIONS: 0
  SYSTEM 2
    COMPONENT_CHANGES: 0
    WORLD_OPERATIONS: 0

UPDATE 134
SYSTEMS: 3
  SYSTEM 0
    COMPONENT_CHANGES: 3
      Modified { entity: Entity { id: 0, generation: 0 }, type_name: "Position", diff_string: "PositionDiff { x: Some(3), y: Some(4) }" }
      Modified { entity: Entity { id: 1, generation: 0 }, type_name: "Position", diff_string: "PositionDiff { x: Some(4), y: Some(5) }" }
      Modified { entity: Entity { id: 2, generation: 0 }, type_name: "Position", diff_string: "PositionDiff { x: Some(5), y: Some(6) }" }
    WORLD_OPERATIONS: 0
  SYSTEM 1
    COMPONENT_CHANGES: 0
    WORLD_OPERATIONS: 0
  SYSTEM 2
    COMPONENT_CHANGES: 0
    WORLD_OPERATIONS: 0

UPDATE 135
SYSTEMS: 3
  SYSTEM 0
    COMPONENT_CHANGES: 3
      Modified { entity: Entity { id: 0, generation: 0 }, type_name: "Position", diff_string: "PositionDiff { x: Some(4), y: Some(5) }" }
      Modified { entity: Entity { id: 1, generation: 0 }, type_name: "Position", diff_string: "PositionDiff { x: Some(5), y: Some(6) }" }
      Modified { entity: Entity { id: 2, generation: 0 }, type_name: "Position", diff_string: "PositionDiff { x: Some(6), y: Some(7) }" }
    WORLD_OPERATIONS: 0
  SYSTEM 1
    COMPONENT_CHANGES: 0
    WORLD_OPERATIONS: 0
  SYSTEM 2
    COMPONENT_CHANGES: 0
    WORLD_OPERATIONS: 0

UPDATE 136
SYSTEMS: 3
  SYSTEM 0
    COMPONENT_CHANGES: 3
      Modified { entity: Entity { id: 0, generation: 0 }, type_name: "Position", diff_string: "PositionDiff { x: Some(5), y: Some(6) }" }
      Modified { entity: Entity { id: 1, generation: 0 }, type_name: "Position", diff_string: "PositionDiff { x: Some(6), y: Some(7) }" }
      Modified { entity: Entity { id: 2, generation: 0 }, type_name: "Position", diff_string: "PositionDiff { x: Some(7), y: Some(8) }" }
    WORLD_OPERATIONS: 0
  SYSTEM 1
    COMPONENT_CHANGES: 0
    WORLD_OPERATIONS: 0
  SYSTEM 2
    COMPONENT_CHANGES: 0
    WORLD_OPERATIONS: 0

UPDATE 137
SYSTEMS: 3
  SYSTEM 0
    COMPONENT_CHANGES: 3
      Modified { entity: Entity { id: 0, generation: 0 }, type_name: "Position", diff_string: "PositionDiff { x: Some(6), y: Some(7) }" }
      Modified { entity: Entity { id: 1, generation: 0 }, type_name: "Position", diff_string: "PositionDiff { x: Some(7), y: Some(8) }" }
      Modified { entity: Entity { id: 2, generation: 0 }, type_name: "Position", diff_string: "PositionDiff { x: Some(8), y: Some(9) }" }
    WORLD_OPERATIONS: 0
  SYSTEM 1
    COMPONENT_CHANGES: 0
    WORLD_OPERATIONS: 0
  SYSTEM 2
    COMPONENT_CHANGES: 0
    WORLD_OPERATIONS: 0

UPDATE 138
SYSTEMS: 3
  SYSTEM 0
    COMPONENT_CHANGES: 3
      Modified { entity: Entity { id: 0, generation: 0 }, type_name: "Position", diff_string: "PositionDiff { x: Some(7), y: Some(8) }" }
      Modified { entity: Entity { id: 1, generation: 0 }, type_name: "Position", diff_string: "PositionDiff { x: Some(8), y: Some(9) }" }
      Modified { entity: Entity { id: 2, generation: 0 }, type_name: "Position", diff_string: "PositionDiff { x: Some(9), y: Some(0) }" }
    WORLD_OPERATIONS: 0
  SYSTEM 1
    COMPONENT_CHANGES: 0
    WORLD_OPERATIONS: 0
  SYSTEM 2
    COMPONENT_CHANGES: 0
    WORLD_OPERATIONS: 0

UPDATE 139
SYSTEMS: 3
  SYSTEM 0
    COMPONENT_CHANGES: 3
      Modified { entity: Entity { id: 0, generation: 0 }, type_name: "Position", diff_string: "PositionDiff { x: Some(8), y: Some(9) }" }
      Modified { entity: Entity { id: 1, generation: 0 }, type_name: "Position", diff_string: "PositionDiff { x: Some(9), y: Some(0) }" }
      Modified { entity: Entity { id: 2, generation: 0 }, type_name: "Position", diff_string: "PositionDiff { x: Some(0), y: Some(1) }" }
    WORLD_OPERATIONS: 0
  SYSTEM 1
    COMPONENT_CHANGES: 0
    WORLD_OPERATIONS: 0
  SYSTEM 2
    COMPONENT_CHANGES: 0
    WORLD_OPERATIONS: 0

UPDATE 140
SYSTEMS: 3
  SYSTEM 0
    COMPONENT_CHANGES: 3
      Modified { entity: Entity { id: 0, generation: 0 }, type_name: "Position", diff_string: "PositionDiff { x: Some(9), y: Some(0) }" }
      Modified { entity: Entity { id: 1, generation: 0 }, type_name: "Position", diff_string: "PositionDiff { x: Some(0), y: Some(1) }" }
      Modified { entity: Entity { id: 2, generation: 0 }, type_name: "Position", diff_string: "PositionDiff { x: Some(1), y: Some(2) }" }
    WORLD_OPERATIONS: 0
  SYSTEM 1
    COMPONENT_CHANGES: 0
    WORLD_OPERATIONS: 0
  SYSTEM 2
    COMPONENT_CHANGES: 0
    WORLD_OPERATIONS: 0

UPDATE 141
SYSTEMS: 3
  SYSTEM 0
    COMPONENT_CHANGES: 3
      Modified { entity: Entity { id: 0, generation: 0 }, type_name: "Position", diff_string: "PositionDiff { x: Some(0), y: Some(1) }" }
      Modified { entity: Entity { id: 1, generation: 0 }, type_name: "Position", diff_string: "PositionDiff { x: Some(1), y: Some(2) }" }
      Modified { entity: Entity { id: 2, generation: 0 }, type_name: "Position", diff_string: "PositionDiff { x: Some(2), y: Some(3) }" }
    WORLD_OPERATIONS: 0
  SYSTEM 1
    COMPONENT_CHANGES: 1
      Modified { entity: Entity { id: 0, generation: 0 }, type_name: "WaitTimer", diff_string: "WaitTimerDiff { ticks: Some(5) }" }
    WORLD_OPERATIONS: 0
  SYSTEM 2
    COMPONENT_CHANGES: 0
    WORLD_OPERATIONS: 0

UPDATE 142
SYSTEMS: 3
  SYSTEM 0
    COMPONENT_CHANGES: 3
      Modified { entity: Entity { id: 0, generation: 0 }, type_name: "Position", diff_string: "PositionDiff { x: Some(1), y: Some(2) }" }
      Modified { entity: Entity { id: 1, generation: 0 }, type_name: "Position", diff_string: "PositionDiff { x: Some(2), y: Some(3) }" }
      Modified { entity: Entity { id: 2, generation: 0 }, type_name: "Position", diff_string: "PositionDiff { x: Some(3), y: Some(4) }" }
    WORLD_OPERATIONS: 0
  SYSTEM 1
    COMPONENT_CHANGES: 0
    WORLD_OPERATIONS: 0
  SYSTEM 2
    COMPONENT_CHANGES: 0
    WORLD_OPERATIONS: 0

UPDATE 143
SYSTEMS: 3
  SYSTEM 0
    COMPONENT_CHANGES: 3
      Modified { entity: Entity { id: 0, generation: 0 }, type_name: "Position", diff_string: "PositionDiff { x: Some(2), y: Some(3) }" }
      Modified { entity: Entity { id: 1, generation: 0 }, type_name: "Position", diff_string: "PositionDiff { x: Some(3), y: Some(4) }" }
      Modified { entity: Entity { id: 2, generation: 0 }, type_name: "Position", diff_string: "PositionDiff { x: Some(4), y: Some(5) }" }
    WORLD_OPERATIONS: 0
  SYSTEM 1
    COMPONENT_CHANGES: 0
    WORLD_OPERATIONS: 0
  SYSTEM 2
    COMPONENT_CHANGES: 0
    WORLD_OPERATIONS: 0

UPDATE 144
SYSTEMS: 3
  SYSTEM 0
    COMPONENT_CHANGES: 3
      Modified { entity: Entity { id: 0, generation: 0 }, type_name: "Position", diff_string: "PositionDiff { x: Some(3), y: Some(4) }" }
      Modified { entity: Entity { id: 1, generation: 0 }, type_name: "Position", diff_string: "PositionDiff { x: Some(4), y: Some(5) }" }
      Modified { entity: Entity { id: 2, generation: 0 }, type_name: "Position", diff_string: "PositionDiff { x: Some(5), y: Some(6) }" }
    WORLD_OPERATIONS: 0
  SYSTEM 1
    COMPONENT_CHANGES: 0
    WORLD_OPERATIONS: 0
  SYSTEM 2
    COMPONENT_CHANGES: 0
    WORLD_OPERATIONS: 0

UPDATE 145
SYSTEMS: 3
  SYSTEM 0
    COMPONENT_CHANGES: 3
      Modified { entity: Entity { id: 0, generation: 0 }, type_name: "Position", diff_string: "PositionDiff { x: Some(4), y: Some(5) }" }
      Modified { entity: Entity { id: 1, generation: 0 }, type_name: "Position", diff_string: "PositionDiff { x: Some(5), y: Some(6) }" }
      Modified { entity: Entity { id: 2, generation: 0 }, type_name: "Position", diff_string: "PositionDiff { x: Some(6), y: Some(7) }" }
    WORLD_OPERATIONS: 0
  SYSTEM 1
    COMPONENT_CHANGES: 0
    WORLD_OPERATIONS: 0
  SYSTEM 2
    COMPONENT_CHANGES: 0
    WORLD_OPERATIONS: 0

UPDATE 146
SYSTEMS: 3
  SYSTEM 0
    COMPONENT_CHANGES: 3
      Modified { entity: Entity { id: 0, generation: 0 }, type_name: "Position", diff_string: "PositionDiff { x: Some(5), y: Some(6) }" }
      Modified { entity: Entity { id: 1, generation: 0 }, type_name: "Position", diff_string: "PositionDiff { x: Some(6), y: Some(7) }" }
      Modified { entity: Entity { id: 2, generation: 0 }, type_name: "Position", diff_string: "PositionDiff { x: Some(7), y: Some(8) }" }
    WORLD_OPERATIONS: 0
  SYSTEM 1
    COMPONENT_CHANGES: 0
    WORLD_OPERATIONS: 0
  SYSTEM 2
    COMPONENT_CHANGES: 0
    WORLD_OPERATIONS: 0

UPDATE 147
SYSTEMS: 3
  SYSTEM 0
    COMPONENT_CHANGES: 3
      Modified { entity: Entity { id: 0, generation: 0 }, type_name: "Position", diff_string: "PositionDiff { x: Some(6), y: Some(7) }" }
      Modified { entity: Entity { id: 1, generation: 0 }, type_name: "Position", diff_string: "PositionDiff { x: Some(7), y: Some(8) }" }
      Modified { entity: Entity { id: 2, generation: 0 }, type_name: "Position", diff_string: "PositionDiff { x: Some(8), y: Some(9) }" }
    WORLD_OPERATIONS: 0
  SYSTEM 1
    COMPONENT_CHANGES: 0
    WORLD_OPERATIONS: 0
  SYSTEM 2
    COMPONENT_CHANGES: 0
    WORLD_OPERATIONS: 0

UPDATE 148
SYSTEMS: 3
  SYSTEM 0
    COMPONENT_CHANGES: 3
      Modified { entity: Entity { id: 0, generation: 0 }, type_name: "Position", diff_string: "PositionDiff { x: Some(7), y: Some(8) }" }
      Modified { entity: Entity { id: 1, generation: 0 }, type_name: "Position", diff_string: "PositionDiff { x: Some(8), y: Some(9) }" }
      Modified { entity: Entity { id: 2, generation: 0 }, type_name: "Position", diff_string: "PositionDiff { x: Some(9), y: Some(0) }" }
    WORLD_OPERATIONS: 0
  SYSTEM 1
    COMPONENT_CHANGES: 0
    WORLD_OPERATIONS: 0
  SYSTEM 2
    COMPONENT_CHANGES: 0
    WORLD_OPERATIONS: 0

UPDATE 149
SYSTEMS: 3
  SYSTEM 0
    COMPONENT_CHANGES: 3
      Modified { entity: Entity { id: 0, generation: 0 }, type_name: "Position", diff_string: "PositionDiff { x: Some(8), y: Some(9) }" }
      Modified { entity: Entity { id: 1, generation: 0 }, type_name: "Position", diff_string: "PositionDiff { x: Some(9), y: Some(0) }" }
      Modified { entity: Entity { id: 2, generation: 0 }, type_name: "Position", diff_string: "PositionDiff { x: Some(0), y: Some(1) }" }
    WORLD_OPERATIONS: 0
  SYSTEM 1
    COMPONENT_CHANGES: 0
    WORLD_OPERATIONS: 0
  SYSTEM 2
    COMPONENT_CHANGES: 0
    WORLD_OPERATIONS: 0

UPDATE 150
SYSTEMS: 3
  SYSTEM 0
    COMPONENT_CHANGES: 3
      Modified { entity: Entity { id: 0, generation: 0 }, type_name: "Position", diff_string: "PositionDiff { x: Some(9), y: Some(0) }" }
      Modified { entity: Entity { id: 1, generation: 0 }, type_name: "Position", diff_string: "PositionDiff { x: Some(0), y: Some(1) }" }
      Modified { entity: Entity { id: 2, generation: 0 }, type_name: "Position", diff_string: "PositionDiff { x: Some(1), y: Some(2) }" }
    WORLD_OPERATIONS: 0
  SYSTEM 1
    COMPONENT_CHANGES: 0
    WORLD_OPERATIONS: 0
  SYSTEM 2
    COMPONENT_CHANGES: 0
    WORLD_OPERATIONS: 0

UPDATE 151
SYSTEMS: 3
  SYSTEM 0
    COMPONENT_CHANGES: 3
      Modified { entity: Entity { id: 0, generation: 0 }, type_name: "Position", diff_string: "PositionDiff { x: Some(0), y: Some(1) }" }
      Modified { entity: Entity { id: 1, generation: 0 }, type_name: "Position", diff_string: "PositionDiff { x: Some(1), y: Some(2) }" }
      Modified { entity: Entity { id: 2, generation: 0 }, type_name: "Position", diff_string: "PositionDiff { x: Some(2), y: Some(3) }" }
    WORLD_OPERATIONS: 0
  SYSTEM 1
    COMPONENT_CHANGES: 1
      Modified { entity: Entity { id: 0, generation: 0 }, type_name: "WaitTimer", diff_string: "WaitTimerDiff { ticks: Some(5) }" }
    WORLD_OPERATIONS: 0
  SYSTEM 2
    COMPONENT_CHANGES: 0
    WORLD_OPERATIONS: 0

UPDATE 152
SYSTEMS: 3
  SYSTEM 0
    COMPONENT_CHANGES: 3
      Modified { entity: Entity { id: 0, generation: 0 }, type_name: "Position", diff_string: "PositionDiff { x: Some(1), y: Some(2) }" }
      Modified { entity: Entity { id: 1, generation: 0 }, type_name: "Position", diff_string: "PositionDiff { x: Some(2), y: Some(3) }" }
      Modified { entity: Entity { id: 2, generation: 0 }, type_name: "Position", diff_string: "PositionDiff { x: Some(3), y: Some(4) }" }
    WORLD_OPERATIONS: 0
  SYSTEM 1
    COMPONENT_CHANGES: 0
    WORLD_OPERATIONS: 0
  SYSTEM 2
    COMPONENT_CHANGES: 0
    WORLD_OPERATIONS: 0

UPDATE 153
SYSTEMS: 3
  SYSTEM 0
    COMPONENT_CHANGES: 3
      Modified { entity: Entity { id: 0, generation: 0 }, type_name: "Position", diff_string: "PositionDiff { x: Some(2), y: Some(3) }" }
      Modified { entity: Entity { id: 1, generation: 0 }, type_name: "Position", diff_string: "PositionDiff { x: Some(3), y: Some(4) }" }
      Modified { entity: Entity { id: 2, generation: 0 }, type_name: "Position", diff_string: "PositionDiff { x: Some(4), y: Some(5) }" }
    WORLD_OPERATIONS: 0
  SYSTEM 1
    COMPONENT_CHANGES: 0
    WORLD_OPERATIONS: 0
  SYSTEM 2
    COMPONENT_CHANGES: 0
    WORLD_OPERATIONS: 0

UPDATE 154
SYSTEMS: 3
  SYSTEM 0
    COMPONENT_CHANGES: 3
      Modified { entity: Entity { id: 0, generation: 0 }, type_name: "Position", diff_string: "PositionDiff { x: Some(3), y: Some(4) }" }
      Modified { entity: Entity { id: 1, generation: 0 }, type_name: "Position", diff_string: "PositionDiff { x: Some(4), y: Some(5) }" }
      Modified { entity: Entity { id: 2, generation: 0 }, type_name: "Position", diff_string: "PositionDiff { x: Some(5), y: Some(6) }" }
    WORLD_OPERATIONS: 0
  SYSTEM 1
    COMPONENT_CHANGES: 0
    WORLD_OPERATIONS: 0
  SYSTEM 2
    COMPONENT_CHANGES: 0
    WORLD_OPERATIONS: 0

UPDATE 155
SYSTEMS: 3
  SYSTEM 0
    COMPONENT_CHANGES: 3
      Modified { entity: Entity { id: 0, generation: 0 }, type_name: "Position", diff_string: "PositionDiff { x: Some(4), y: Some(5) }" }
      Modified { entity: Entity { id: 1, generation: 0 }, type_name: "Position", diff_string: "PositionDiff { x: Some(5), y: Some(6) }" }
      Modified { entity: Entity { id: 2, generation: 0 }, type_name: "Position", diff_string: "PositionDiff { x: Some(6), y: Some(7) }" }
    WORLD_OPERATIONS: 0
  SYSTEM 1
    COMPONENT_CHANGES: 0
    WORLD_OPERATIONS: 0
  SYSTEM 2
    COMPONENT_CHANGES: 0
    WORLD_OPERATIONS: 0

UPDATE 156
SYSTEMS: 3
  SYSTEM 0
    COMPONENT_CHANGES: 3
      Modified { entity: Entity { id: 0, generation: 0 }, type_name: "Position", diff_string: "PositionDiff { x: Some(5), y: Some(6) }" }
      Modified { entity: Entity { id: 1, generation: 0 }, type_name: "Position", diff_string: "PositionDiff { x: Some(6), y: Some(7) }" }
      Modified { entity: Entity { id: 2, generation: 0 }, type_name: "Position", diff_string: "PositionDiff { x: Some(7), y: Some(8) }" }
    WORLD_OPERATIONS: 0
  SYSTEM 1
    COMPONENT_CHANGES: 0
    WORLD_OPERATIONS: 0
  SYSTEM 2
    COMPONENT_CHANGES: 0
    WORLD_OPERATIONS: 0

UPDATE 157
SYSTEMS: 3
  SYSTEM 0
    COMPONENT_CHANGES: 3
      Modified { entity: Entity { id: 0, generation: 0 }, type_name: "Position", diff_string: "PositionDiff { x: Some(6), y: Some(7) }" }
      Modified { entity: Entity { id: 1, generation: 0 }, type_name: "Position", diff_string: "PositionDiff { x: Some(7), y: Some(8) }" }
      Modified { entity: Entity { id: 2, generation: 0 }, type_name: "Position", diff_string: "PositionDiff { x: Some(8), y: Some(9) }" }
    WORLD_OPERATIONS: 0
  SYSTEM 1
    COMPONENT_CHANGES: 0
    WORLD_OPERATIONS: 0
  SYSTEM 2
    COMPONENT_CHANGES: 0
    WORLD_OPERATIONS: 0

UPDATE 158
SYSTEMS: 3
  SYSTEM 0
    COMPONENT_CHANGES: 3
      Modified { entity: Entity { id: 0, generation: 0 }, type_name: "Position", diff_string: "PositionDiff { x: Some(7), y: Some(8) }" }
      Modified { entity: Entity { id: 1, generation: 0 }, type_name: "Position", diff_string: "PositionDiff { x: Some(8), y: Some(9) }" }
      Modified { entity: Entity { id: 2, generation: 0 }, type_name: "Position", diff_string: "PositionDiff { x: Some(9), y: Some(0) }" }
    WORLD_OPERATIONS: 0
  SYSTEM 1
    COMPONENT_CHANGES: 0
    WORLD_OPERATIONS: 0
  SYSTEM 2
    COMPONENT_CHANGES: 0
    WORLD_OPERATIONS: 0

UPDATE 159
SYSTEMS: 3
  SYSTEM 0
    COMPONENT_CHANGES: 3
      Modified { entity: Entity { id: 0, generation: 0 }, type_name: "Position", diff_string: "PositionDiff { x: Some(8), y: Some(9) }" }
      Modified { entity: Entity { id: 1, generation: 0 }, type_name: "Position", diff_string: "PositionDiff { x: Some(9), y: Some(0) }" }
      Modified { entity: Entity { id: 2, generation: 0 }, type_name: "Position", diff_string: "PositionDiff { x: Some(0), y: Some(1) }" }
    WORLD_OPERATIONS: 0
  SYSTEM 1
    COMPONENT_CHANGES: 0
    WORLD_OPERATIONS: 0
  SYSTEM 2
    COMPONENT_CHANGES: 0
    WORLD_OPERATIONS: 0

UPDATE 160
SYSTEMS: 3
  SYSTEM 0
    COMPONENT_CHANGES: 3
      Modified { entity: Entity { id: 0, generation: 0 }, type_name: "Position", diff_string: "PositionDiff { x: Some(9), y: Some(0) }" }
      Modified { entity: Entity { id: 1, generation: 0 }, type_name: "Position", diff_string: "PositionDiff { x: Some(0), y: Some(1) }" }
      Modified { entity: Entity { id: 2, generation: 0 }, type_name: "Position", diff_string: "PositionDiff { x: Some(1), y: Some(2) }" }
    WORLD_OPERATIONS: 0
  SYSTEM 1
    COMPONENT_CHANGES: 0
    WORLD_OPERATIONS: 0
  SYSTEM 2
    COMPONENT_CHANGES: 0
    WORLD_OPERATIONS: 0

UPDATE 161
SYSTEMS: 3
  SYSTEM 0
    COMPONENT_CHANGES: 3
      Modified { entity: Entity { id: 0, generation: 0 }, type_name: "Position", diff_string: "PositionDiff { x: Some(0), y: Some(1) }" }
      Modified { entity: Entity { id: 1, generation: 0 }, type_name: "Position", diff_string: "PositionDiff { x: Some(1), y: Some(2) }" }
      Modified { entity: Entity { id: 2, generation: 0 }, type_name: "Position", diff_string: "PositionDiff { x: Some(2), y: Some(3) }" }
    WORLD_OPERATIONS: 0
  SYSTEM 1
    COMPONENT_CHANGES: 1
      Modified { entity: Entity { id: 0, generation: 0 }, type_name: "WaitTimer", diff_string: "WaitTimerDiff { ticks: Some(5) }" }
    WORLD_OPERATIONS: 0
  SYSTEM 2
    COMPONENT_CHANGES: 0
    WORLD_OPERATIONS: 0

UPDATE 162
SYSTEMS: 3
  SYSTEM 0
    COMPONENT_CHANGES: 3
      Modified { entity: Entity { id: 0, generation: 0 }, type_name: "Position", diff_string: "PositionDiff { x: Some(1), y: Some(2) }" }
      Modified { entity: Entity { id: 1, generation: 0 }, type_name: "Position", diff_string: "PositionDiff { x: Some(2), y: Some(3) }" }
      Modified { entity: Entity { id: 2, generation: 0 }, type_name: "Position", diff_string: "PositionDiff { x: Some(3), y: Some(4) }" }
    WORLD_OPERATIONS: 0
  SYSTEM 1
    COMPONENT_CHANGES: 0
    WORLD_OPERATIONS: 0
  SYSTEM 2
    COMPONENT_CHANGES: 0
    WORLD_OPERATIONS: 0

UPDATE 163
SYSTEMS: 3
  SYSTEM 0
    COMPONENT_CHANGES: 3
      Modified { entity: Entity { id: 0, generation: 0 }, type_name: "Position", diff_string: "PositionDiff { x: Some(2), y: Some(3) }" }
      Modified { entity: Entity { id: 1, generation: 0 }, type_name: "Position", diff_string: "PositionDiff { x: Some(3), y: Some(4) }" }
      Modified { entity: Entity { id: 2, generation: 0 }, type_name: "Position", diff_string: "PositionDiff { x: Some(4), y: Some(5) }" }
    WORLD_OPERATIONS: 0
  SYSTEM 1
    COMPONENT_CHANGES: 0
    WORLD_OPERATIONS: 0
  SYSTEM 2
    COMPONENT_CHANGES: 0
    WORLD_OPERATIONS: 0

UPDATE 164
SYSTEMS: 3
  SYSTEM 0
    COMPONENT_CHANGES: 3
      Modified { entity: Entity { id: 0, generation: 0 }, type_name: "Position", diff_string: "PositionDiff { x: Some(3), y: Some(4) }" }
      Modified { entity: Entity { id: 1, generation: 0 }, type_name: "Position", diff_string: "PositionDiff { x: Some(4), y: Some(5) }" }
      Modified { entity: Entity { id: 2, generation: 0 }, type_name: "Position", diff_string: "PositionDiff { x: Some(5), y: Some(6) }" }
    WORLD_OPERATIONS: 0
  SYSTEM 1
    COMPONENT_CHANGES: 0
    WORLD_OPERATIONS: 0
  SYSTEM 2
    COMPONENT_CHANGES: 0
    WORLD_OPERATIONS: 0

UPDATE 165
SYSTEMS: 3
  SYSTEM 0
    COMPONENT_CHANGES: 3
      Modified { entity: Entity { id: 0, generation: 0 }, type_name: "Position", diff_string: "PositionDiff { x: Some(4), y: Some(5) }" }
      Modified { entity: Entity { id: 1, generation: 0 }, type_name: "Position", diff_string: "PositionDiff { x: Some(5), y: Some(6) }" }
      Modified { entity: Entity { id: 2, generation: 0 }, type_name: "Position", diff_string: "PositionDiff { x: Some(6), y: Some(7) }" }
    WORLD_OPERATIONS: 0
  SYSTEM 1
    COMPONENT_CHANGES: 0
    WORLD_OPERATIONS: 0
  SYSTEM 2
    COMPONENT_CHANGES: 0
    WORLD_OPERATIONS: 0

UPDATE 166
SYSTEMS: 3
  SYSTEM 0
    COMPONENT_CHANGES: 3
      Modified { entity: Entity { id: 0, generation: 0 }, type_name: "Position", diff_string: "PositionDiff { x: Some(5), y: Some(6) }" }
      Modified { entity: Entity { id: 1, generation: 0 }, type_name: "Position", diff_string: "PositionDiff { x: Some(6), y: Some(7) }" }
      Modified { entity: Entity { id: 2, generation: 0 }, type_name: "Position", diff_string: "PositionDiff { x: Some(7), y: Some(8) }" }
    WORLD_OPERATIONS: 0
  SYSTEM 1
    COMPONENT_CHANGES: 0
    WORLD_OPERATIONS: 0
  SYSTEM 2
    COMPONENT_CHANGES: 0
    WORLD_OPERATIONS: 0

UPDATE 167
SYSTEMS: 3
  SYSTEM 0
    COMPONENT_CHANGES: 3
      Modified { entity: Entity { id: 0, generation: 0 }, type_name: "Position", diff_string: "PositionDiff { x: Some(6), y: Some(7) }" }
      Modified { entity: Entity { id: 1, generation: 0 }, type_name: "Position", diff_string: "PositionDiff { x: Some(7), y: Some(8) }" }
      Modified { entity: Entity { id: 2, generation: 0 }, type_name: "Position", diff_string: "PositionDiff { x: Some(8), y: Some(9) }" }
    WORLD_OPERATIONS: 0
  SYSTEM 1
    COMPONENT_CHANGES: 0
    WORLD_OPERATIONS: 0
  SYSTEM 2
    COMPONENT_CHANGES: 0
    WORLD_OPERATIONS: 0

UPDATE 168
SYSTEMS: 3
  SYSTEM 0
    COMPONENT_CHANGES: 3
      Modified { entity: Entity { id: 0, generation: 0 }, type_name: "Position", diff_string: "PositionDiff { x: Some(7), y: Some(8) }" }
      Modified { entity: Entity { id: 1, generation: 0 }, type_name: "Position", diff_string: "PositionDiff { x: Some(8), y: Some(9) }" }
      Modified { entity: Entity { id: 2, generation: 0 }, type_name: "Position", diff_string: "PositionDiff { x: Some(9), y: Some(0) }" }
    WORLD_OPERATIONS: 0
  SYSTEM 1
    COMPONENT_CHANGES: 0
    WORLD_OPERATIONS: 0
  SYSTEM 2
    COMPONENT_CHANGES: 0
    WORLD_OPERATIONS: 0

UPDATE 169
SYSTEMS: 3
  SYSTEM 0
    COMPONENT_CHANGES: 3
      Modified { entity: Entity { id: 0, generation: 0 }, type_name: "Position", diff_string: "PositionDiff { x: Some(8), y: Some(9) }" }
      Modified { entity: Entity { id: 1, generation: 0 }, type_name: "Position", diff_string: "PositionDiff { x: Some(9), y: Some(0) }" }
      Modified { entity: Entity { id: 2, generation: 0 }, type_name: "Position", diff_string: "PositionDiff { x: Some(0), y: Some(1) }" }
    WORLD_OPERATIONS: 0
  SYSTEM 1
    COMPONENT_CHANGES: 0
    WORLD_OPERATIONS: 0
  SYSTEM 2
    COMPONENT_CHANGES: 0
    WORLD_OPERATIONS: 0

UPDATE 170
SYSTEMS: 3
  SYSTEM 0
    COMPONENT_CHANGES: 3
      Modified { entity: Entity { id: 0, generation: 0 }, type_name: "Position", diff_string: "PositionDiff { x: Some(9), y: Some(0) }" }
      Modified { entity: Entity { id: 1, generation: 0 }, type_name: "Position", diff_string: "PositionDiff { x: Some(0), y: Some(1) }" }
      Modified { entity: Entity { id: 2, generation: 0 }, type_name: "Position", diff_string: "PositionDiff { x: Some(1), y: Some(2) }" }
    WORLD_OPERATIONS: 0
  SYSTEM 1
    COMPONENT_CHANGES: 0
    WORLD_OPERATIONS: 0
  SYSTEM 2
    COMPONENT_CHANGES: 0
    WORLD_OPERATIONS: 0

UPDATE 171
SYSTEMS: 3
  SYSTEM 0
    COMPONENT_CHANGES: 3
      Modified { entity: Entity { id: 0, generation: 0 }, type_name: "Position", diff_string: "PositionDiff { x: Some(0), y: Some(1) }" }
      Modified { entity: Entity { id: 1, generation: 0 }, type_name: "Position", diff_string: "PositionDiff { x: Some(1), y: Some(2) }" }
      Modified { entity: Entity { id: 2, generation: 0 }, type_name: "Position", diff_string: "PositionDiff { x: Some(2), y: Some(3) }" }
    WORLD_OPERATIONS: 0
  SYSTEM 1
    COMPONENT_CHANGES: 1
      Modified { entity: Entity { id: 0, generation: 0 }, type_name: "WaitTimer", diff_string: "WaitTimerDiff { ticks: Some(5) }" }
    WORLD_OPERATIONS: 0
  SYSTEM 2
    COMPONENT_CHANGES: 0
    WORLD_OPERATIONS: 0

UPDATE 172
SYSTEMS: 3
  SYSTEM 0
    COMPONENT_CHANGES: 3
      Modified { entity: Entity { id: 0, generation: 0 }, type_name: "Position", diff_string: "PositionDiff { x: Some(1), y: Some(2) }" }
      Modified { entity: Entity { id: 1, generation: 0 }, type_name: "Position", diff_string: "PositionDiff { x: Some(2), y: Some(3) }" }
      Modified { entity: Entity { id: 2, generation: 0 }, type_name: "Position", diff_string: "PositionDiff { x: Some(3), y: Some(4) }" }
    WORLD_OPERATIONS: 0
  SYSTEM 1
    COMPONENT_CHANGES: 0
    WORLD_OPERATIONS: 0
  SYSTEM 2
    COMPONENT_CHANGES: 0
    WORLD_OPERATIONS: 0

UPDATE 173
SYSTEMS: 3
  SYSTEM 0
    COMPONENT_CHANGES: 3
      Modified { entity: Entity { id: 0, generation: 0 }, type_name: "Position", diff_string: "PositionDiff { x: Some(2), y: Some(3) }" }
      Modified { entity: Entity { id: 1, generation: 0 }, type_name: "Position", diff_string: "PositionDiff { x: Some(3), y: Some(4) }" }
      Modified { entity: Entity { id: 2, generation: 0 }, type_name: "Position", diff_string: "PositionDiff { x: Some(4), y: Some(5) }" }
    WORLD_OPERATIONS: 0
  SYSTEM 1
    COMPONENT_CHANGES: 0
    WORLD_OPERATIONS: 0
  SYSTEM 2
    COMPONENT_CHANGES: 0
    WORLD_OPERATIONS: 0

UPDATE 174
SYSTEMS: 3
  SYSTEM 0
    COMPONENT_CHANGES: 3
      Modified { entity: Entity { id: 0, generation: 0 }, type_name: "Position", diff_string: "PositionDiff { x: Some(3), y: Some(4) }" }
      Modified { entity: Entity { id: 1, generation: 0 }, type_name: "Position", diff_string: "PositionDiff { x: Some(4), y: Some(5) }" }
      Modified { entity: Entity { id: 2, generation: 0 }, type_name: "Position", diff_string: "PositionDiff { x: Some(5), y: Some(6) }" }
    WORLD_OPERATIONS: 0
  SYSTEM 1
    COMPONENT_CHANGES: 0
    WORLD_OPERATIONS: 0
  SYSTEM 2
    COMPONENT_CHANGES: 0
    WORLD_OPERATIONS: 0

UPDATE 175
SYSTEMS: 3
  SYSTEM 0
    COMPONENT_CHANGES: 3
      Modified { entity: Entity { id: 0, generation: 0 }, type_name: "Position", diff_string: "PositionDiff { x: Some(4), y: Some(5) }" }
      Modified { entity: Entity { id: 1, generation: 0 }, type_name: "Position", diff_string: "PositionDiff { x: Some(5), y: Some(6) }" }
      Modified { entity: Entity { id: 2, generation: 0 }, type_name: "Position", diff_string: "PositionDiff { x: Some(6), y: Some(7) }" }
    WORLD_OPERATIONS: 0
  SYSTEM 1
    COMPONENT_CHANGES: 0
    WORLD_OPERATIONS: 0
  SYSTEM 2
    COMPONENT_CHANGES: 0
    WORLD_OPERATIONS: 0

UPDATE 176
SYSTEMS: 3
  SYSTEM 0
    COMPONENT_CHANGES: 3
      Modified { entity: Entity { id: 0, generation: 0 }, type_name: "Position", diff_string: "PositionDiff { x: Some(5), y: Some(6) }" }
      Modified { entity: Entity { id: 1, generation: 0 }, type_name: "Position", diff_string: "PositionDiff { x: Some(6), y: Some(7) }" }
      Modified { entity: Entity { id: 2, generation: 0 }, type_name: "Position", diff_string: "PositionDiff { x: Some(7), y: Some(8) }" }
    WORLD_OPERATIONS: 0
  SYSTEM 1
    COMPONENT_CHANGES: 0
    WORLD_OPERATIONS: 0
  SYSTEM 2
    COMPONENT_CHANGES: 0
    WORLD_OPERATIONS: 0

UPDATE 177
SYSTEMS: 3
  SYSTEM 0
    COMPONENT_CHANGES: 3
      Modified { entity: Entity { id: 0, generation: 0 }, type_name: "Position", diff_string: "PositionDiff { x: Some(6), y: Some(7) }" }
      Modified { entity: Entity { id: 1, generation: 0 }, type_name: "Position", diff_string: "PositionDiff { x: Some(7), y: Some(8) }" }
      Modified { entity: Entity { id: 2, generation: 0 }, type_name: "Position", diff_string: "PositionDiff { x: Some(8), y: Some(9) }" }
    WORLD_OPERATIONS: 0
  SYSTEM 1
    COMPONENT_CHANGES: 0
    WORLD_OPERATIONS: 0
  SYSTEM 2
    COMPONENT_CHANGES: 0
    WORLD_OPERATIONS: 0

UPDATE 178
SYSTEMS: 3
  SYSTEM 0
    COMPONENT_CHANGES: 3
      Modified { entity: Entity { id: 0, generation: 0 }, type_name: "Position", diff_string: "PositionDiff { x: Some(7), y: Some(8) }" }
      Modified { entity: Entity { id: 1, generation: 0 }, type_name: "Position", diff_string: "PositionDiff { x: Some(8), y: Some(9) }" }
      Modified { entity: Entity { id: 2, generation: 0 }, type_name: "Position", diff_string: "PositionDiff { x: Some(9), y: Some(0) }" }
    WORLD_OPERATIONS: 0
  SYSTEM 1
    COMPONENT_CHANGES: 0
    WORLD_OPERATIONS: 0
  SYSTEM 2
    COMPONENT_CHANGES: 0
    WORLD_OPERATIONS: 0

UPDATE 179
SYSTEMS: 3
  SYSTEM 0
    COMPONENT_CHANGES: 3
      Modified { entity: Entity { id: 0, generation: 0 }, type_name: "Position", diff_string: "PositionDiff { x: Some(8), y: Some(9) }" }
      Modified { entity: Entity { id: 1, generation: 0 }, type_name: "Position", diff_string: "PositionDiff { x: Some(9), y: Some(0) }" }
      Modified { entity: Entity { id: 2, generation: 0 }, type_name: "Position", diff_string: "PositionDiff { x: Some(0), y: Some(1) }" }
    WORLD_OPERATIONS: 0
  SYSTEM 1
    COMPONENT_CHANGES: 0
    WORLD_OPERATIONS: 0
  SYSTEM 2
    COMPONENT_CHANGES: 0
    WORLD_OPERATIONS: 0

UPDATE 180
SYSTEMS: 3
  SYSTEM 0
    COMPONENT_CHANGES: 3
      Modified { entity: Entity { id: 0, generation: 0 }, type_name: "Position", diff_string: "PositionDiff { x: Some(9), y: Some(0) }" }
      Modified { entity: Entity { id: 1, generation: 0 }, type_name: "Position", diff_string: "PositionDiff { x: Some(0), y: Some(1) }" }
      Modified { entity: Entity { id: 2, generation: 0 }, type_name: "Position", diff_string: "PositionDiff { x: Some(1), y: Some(2) }" }
    WORLD_OPERATIONS: 0
  SYSTEM 1
    COMPONENT_CHANGES: 0
    WORLD_OPERATIONS: 0
  SYSTEM 2
    COMPONENT_CHANGES: 0
    WORLD_OPERATIONS: 0

UPDATE 181
SYSTEMS: 3
  SYSTEM 0
    COMPONENT_CHANGES: 3
      Modified { entity: Entity { id: 0, generation: 0 }, type_name: "Position", diff_string: "PositionDiff { x: Some(0), y: Some(1) }" }
      Modified { entity: Entity { id: 1, generation: 0 }, type_name: "Position", diff_string: "PositionDiff { x: Some(1), y: Some(2) }" }
      Modified { entity: Entity { id: 2, generation: 0 }, type_name: "Position", diff_string: "PositionDiff { x: Some(2), y: Some(3) }" }
    WORLD_OPERATIONS: 0
  SYSTEM 1
    COMPONENT_CHANGES: 1
      Modified { entity: Entity { id: 0, generation: 0 }, type_name: "WaitTimer", diff_string: "WaitTimerDiff { ticks: Some(5) }" }
    WORLD_OPERATIONS: 0
  SYSTEM 2
    COMPONENT_CHANGES: 0
    WORLD_OPERATIONS: 0

UPDATE 182
SYSTEMS: 3
  SYSTEM 0
    COMPONENT_CHANGES: 3
      Modified { entity: Entity { id: 0, generation: 0 }, type_name: "Position", diff_string: "PositionDiff { x: Some(1), y: Some(2) }" }
      Modified { entity: Entity { id: 1, generation: 0 }, type_name: "Position", diff_string: "PositionDiff { x: Some(2), y: Some(3) }" }
      Modified { entity: Entity { id: 2, generation: 0 }, type_name: "Position", diff_string: "PositionDiff { x: Some(3), y: Some(4) }" }
    WORLD_OPERATIONS: 0
  SYSTEM 1
    COMPONENT_CHANGES: 0
    WORLD_OPERATIONS: 0
  SYSTEM 2
    COMPONENT_CHANGES: 0
    WORLD_OPERATIONS: 0

UPDATE 183
SYSTEMS: 3
  SYSTEM 0
    COMPONENT_CHANGES: 3
      Modified { entity: Entity { id: 0, generation: 0 }, type_name: "Position", diff_string: "PositionDiff { x: Some(2), y: Some(3) }" }
      Modified { entity: Entity { id: 1, generation: 0 }, type_name: "Position", diff_string: "PositionDiff { x: Some(3), y: Some(4) }" }
      Modified { entity: Entity { id: 2, generation: 0 }, type_name: "Position", diff_string: "PositionDiff { x: Some(4), y: Some(5) }" }
    WORLD_OPERATIONS: 0
  SYSTEM 1
    COMPONENT_CHANGES: 0
    WORLD_OPERATIONS: 0
  SYSTEM 2
    COMPONENT_CHANGES: 0
    WORLD_OPERATIONS: 0

UPDATE 184
SYSTEMS: 3
  SYSTEM 0
    COMPONENT_CHANGES: 3
      Modified { entity: Entity { id: 0, generation: 0 }, type_name: "Position", diff_string: "PositionDiff { x: Some(3), y: Some(4) }" }
      Modified { entity: Entity { id: 1, generation: 0 }, type_name: "Position", diff_string: "PositionDiff { x: Some(4), y: Some(5) }" }
      Modified { entity: Entity { id: 2, generation: 0 }, type_name: "Position", diff_string: "PositionDiff { x: Some(5), y: Some(6) }" }
    WORLD_OPERATIONS: 0
  SYSTEM 1
    COMPONENT_CHANGES: 0
    WORLD_OPERATIONS: 0
  SYSTEM 2
    COMPONENT_CHANGES: 0
    WORLD_OPERATIONS: 0

UPDATE 185
SYSTEMS: 3
  SYSTEM 0
    COMPONENT_CHANGES: 3
      Modified { entity: Entity { id: 0, generation: 0 }, type_name: "Position", diff_string: "PositionDiff { x: Some(4), y: Some(5) }" }
      Modified { entity: Entity { id: 1, generation: 0 }, type_name: "Position", diff_string: "PositionDiff { x: Some(5), y: Some(6) }" }
      Modified { entity: Entity { id: 2, generation: 0 }, type_name: "Position", diff_string: "PositionDiff { x: Some(6), y: Some(7) }" }
    WORLD_OPERATIONS: 0
  SYSTEM 1
    COMPONENT_CHANGES: 0
    WORLD_OPERATIONS: 0
  SYSTEM 2
    COMPONENT_CHANGES: 0
    WORLD_OPERATIONS: 0

UPDATE 186
SYSTEMS: 3
  SYSTEM 0
    COMPONENT_CHANGES: 3
      Modified { entity: Entity { id: 0, generation: 0 }, type_name: "Position", diff_string: "PositionDiff { x: Some(5), y: Some(6) }" }
      Modified { entity: Entity { id: 1, generation: 0 }, type_name: "Position", diff_string: "PositionDiff { x: Some(6), y: Some(7) }" }
      Modified { entity: Entity { id: 2, generation: 0 }, type_name: "Position", diff_string: "PositionDiff { x: Some(7), y: Some(8) }" }
    WORLD_OPERATIONS: 0
  SYSTEM 1
    COMPONENT_CHANGES: 0
    WORLD_OPERATIONS: 0
  SYSTEM 2
    COMPONENT_CHANGES: 0
    WORLD_OPERATIONS: 0

UPDATE 187
SYSTEMS: 3
  SYSTEM 0
    COMPONENT_CHANGES: 3
      Modified { entity: Entity { id: 0, generation: 0 }, type_name: "Position", diff_string: "PositionDiff { x: Some(6), y: Some(7) }" }
      Modified { entity: Entity { id: 1, generation: 0 }, type_name: "Position", diff_string: "PositionDiff { x: Some(7), y: Some(8) }" }
      Modified { entity: Entity { id: 2, generation: 0 }, type_name: "Position", diff_string: "PositionDiff { x: Some(8), y: Some(9) }" }
    WORLD_OPERATIONS: 0
  SYSTEM 1
    COMPONENT_CHANGES: 0
    WORLD_OPERATIONS: 0
  SYSTEM 2
    COMPONENT_CHANGES: 0
    WORLD_OPERATIONS: 0

UPDATE 188
SYSTEMS: 3
  SYSTEM 0
    COMPONENT_CHANGES: 3
      Modified { entity: Entity { id: 0, generation: 0 }, type_name: "Position", diff_string: "PositionDiff { x: Some(7), y: Some(8) }" }
      Modified { entity: Entity { id: 1, generation: 0 }, type_name: "Position", diff_string: "PositionDiff { x: Some(8), y: Some(9) }" }
      Modified { entity: Entity { id: 2, generation: 0 }, type_name: "Position", diff_string: "PositionDiff { x: Some(9), y: Some(0) }" }
    WORLD_OPERATIONS: 0
  SYSTEM 1
    COMPONENT_CHANGES: 0
    WORLD_OPERATIONS: 0
  SYSTEM 2
    COMPONENT_CHANGES: 0
    WORLD_OPERATIONS: 0

UPDATE 189
SYSTEMS: 3
  SYSTEM 0
    COMPONENT_CHANGES: 3
      Modified { entity: Entity { id: 0, generation: 0 }, type_name: "Position", diff_string: "PositionDiff { x: Some(8), y: Some(9) }" }
      Modified { entity: Entity { id: 1, generation: 0 }, type_name: "Position", diff_string: "PositionDiff { x: Some(9), y: Some(0) }" }
      Modified { entity: Entity { id: 2, generation: 0 }, type_name: "Position", diff_string: "PositionDiff { x: Some(0), y: Some(1) }" }
    WORLD_OPERATIONS: 0
  SYSTEM 1
    COMPONENT_CHANGES: 0
    WORLD_OPERATIONS: 0
  SYSTEM 2
    COMPONENT_CHANGES: 0
    WORLD_OPERATIONS: 0

UPDATE 190
SYSTEMS: 3
  SYSTEM 0
    COMPONENT_CHANGES: 3
      Modified { entity: Entity { id: 0, generation: 0 }, type_name: "Position", diff_string: "PositionDiff { x: Some(9), y: Some(0) }" }
      Modified { entity: Entity { id: 1, generation: 0 }, type_name: "Position", diff_string: "PositionDiff { x: Some(0), y: Some(1) }" }
      Modified { entity: Entity { id: 2, generation: 0 }, type_name: "Position", diff_string: "PositionDiff { x: Some(1), y: Some(2) }" }
    WORLD_OPERATIONS: 0
  SYSTEM 1
    COMPONENT_CHANGES: 0
    WORLD_OPERATIONS: 0
  SYSTEM 2
    COMPONENT_CHANGES: 0
    WORLD_OPERATIONS: 0

UPDATE 191
SYSTEMS: 3
  SYSTEM 0
    COMPONENT_CHANGES: 3
      Modified { entity: Entity { id: 0, generation: 0 }, type_name: "Position", diff_string: "PositionDiff { x: Some(0), y: Some(1) }" }
      Modified { entity: Entity { id: 1, generation: 0 }, type_name: "Position", diff_string: "PositionDiff { x: Some(1), y: Some(2) }" }
      Modified { entity: Entity { id: 2, generation: 0 }, type_name: "Position", diff_string: "PositionDiff { x: Some(2), y: Some(3) }" }
    WORLD_OPERATIONS: 0
  SYSTEM 1
    COMPONENT_CHANGES: 1
      Modified { entity: Entity { id: 0, generation: 0 }, type_name: "WaitTimer", diff_string: "WaitTimerDiff { ticks: Some(5) }" }
    WORLD_OPERATIONS: 0
  SYSTEM 2
    COMPONENT_CHANGES: 0
    WORLD_OPERATIONS: 0

UPDATE 192
SYSTEMS: 3
  SYSTEM 0
    COMPONENT_CHANGES: 3
      Modified { entity: Entity { id: 0, generation: 0 }, type_name: "Position", diff_string: "PositionDiff { x: Some(1), y: Some(2) }" }
      Modified { entity: Entity { id: 1, generation: 0 }, type_name: "Position", diff_string: "PositionDiff { x: Some(2), y: Some(3) }" }
      Modified { entity: Entity { id: 2, generation: 0 }, type_name: "Position", diff_string: "PositionDiff { x: Some(3), y: Some(4) }" }
    WORLD_OPERATIONS: 0
  SYSTEM 1
    COMPONENT_CHANGES: 0
    WORLD_OPERATIONS: 0
  SYSTEM 2
    COMPONENT_CHANGES: 0
    WORLD_OPERATIONS: 0

UPDATE 193
SYSTEMS: 3
  SYSTEM 0
    COMPONENT_CHANGES: 3
      Modified { entity: Entity { id: 0, generation: 0 }, type_name: "Position", diff_string: "PositionDiff { x: Some(2), y: Some(3) }" }
      Modified { entity: Entity { id: 1, generation: 0 }, type_name: "Position", diff_string: "PositionDiff { x: Some(3), y: Some(4) }" }
      Modified { entity: Entity { id: 2, generation: 0 }, type_name: "Position", diff_string: "PositionDiff { x: Some(4), y: Some(5) }" }
    WORLD_OPERATIONS: 0
  SYSTEM 1
    COMPONENT_CHANGES: 0
    WORLD_OPERATIONS: 0
  SYSTEM 2
    COMPONENT_CHANGES: 0
    WORLD_OPERATIONS: 0

UPDATE 194
SYSTEMS: 3
  SYSTEM 0
    COMPONENT_CHANGES: 3
      Modified { entity: Entity { id: 0, generation: 0 }, type_name: "Position", diff_string: "PositionDiff { x: Some(3), y: Some(4) }" }
      Modified { entity: Entity { id: 1, generation: 0 }, type_name: "Position", diff_string: "PositionDiff { x: Some(4), y: Some(5) }" }
      Modified { entity: Entity { id: 2, generation: 0 }, type_name: "Position", diff_string: "PositionDiff { x: Some(5), y: Some(6) }" }
    WORLD_OPERATIONS: 0
  SYSTEM 1
    COMPONENT_CHANGES: 0
    WORLD_OPERATIONS: 0
  SYSTEM 2
    COMPONENT_CHANGES: 0
    WORLD_OPERATIONS: 0

UPDATE 195
SYSTEMS: 3
  SYSTEM 0
    COMPONENT_CHANGES: 3
      Modified { entity: Entity { id: 0, generation: 0 }, type_name: "Position", diff_string: "PositionDiff { x: Some(4), y: Some(5) }" }
      Modified { entity: Entity { id: 1, generation: 0 }, type_name: "Position", diff_string: "PositionDiff { x: Some(5), y: Some(6) }" }
      Modified { entity: Entity { id: 2, generation: 0 }, type_name: "Position", diff_string: "PositionDiff { x: Some(6), y: Some(7) }" }
    WORLD_OPERATIONS: 0
  SYSTEM 1
    COMPONENT_CHANGES: 0
    WORLD_OPERATIONS: 0
  SYSTEM 2
    COMPONENT_CHANGES: 0
    WORLD_OPERATIONS: 0

UPDATE 196
SYSTEMS: 3
  SYSTEM 0
    COMPONENT_CHANGES: 3
      Modified { entity: Entity { id: 0, generation: 0 }, type_name: "Position", diff_string: "PositionDiff { x: Some(5), y: Some(6) }" }
      Modified { entity: Entity { id: 1, generation: 0 }, type_name: "Position", diff_string: "PositionDiff { x: Some(6), y: Some(7) }" }
      Modified { entity: Entity { id: 2, generation: 0 }, type_name: "Position", diff_string: "PositionDiff { x: Some(7), y: Some(8) }" }
    WORLD_OPERATIONS: 0
  SYSTEM 1
    COMPONENT_CHANGES: 0
    WORLD_OPERATIONS: 0
  SYSTEM 2
    COMPONENT_CHANGES: 0
    WORLD_OPERATIONS: 0

UPDATE 197
SYSTEMS: 3
  SYSTEM 0
    COMPONENT_CHANGES: 3
      Modified { entity: Entity { id: 0, generation: 0 }, type_name: "Position", diff_string: "PositionDiff { x: Some(6), y: Some(7) }" }
      Modified { entity: Entity { id: 1, generation: 0 }, type_name: "Position", diff_string: "PositionDiff { x: Some(7), y: Some(8) }" }
      Modified { entity: Entity { id: 2, generation: 0 }, type_name: "Position", diff_string: "PositionDiff { x: Some(8), y: Some(9) }" }
    WORLD_OPERATIONS: 0
  SYSTEM 1
    COMPONENT_CHANGES: 0
    WORLD_OPERATIONS: 0
  SYSTEM 2
    COMPONENT_CHANGES: 0
    WORLD_OPERATIONS: 0

UPDATE 198
SYSTEMS: 3
  SYSTEM 0
    COMPONENT_CHANGES: 3
      Modified { entity: Entity { id: 0, generation: 0 }, type_name: "Position", diff_string: "PositionDiff { x: Some(7), y: Some(8) }" }
      Modified { entity: Entity { id: 1, generation: 0 }, type_name: "Position", diff_string: "PositionDiff { x: Some(8), y: Some(9) }" }
      Modified { entity: Entity { id: 2, generation: 0 }, type_name: "Position", diff_string: "PositionDiff { x: Some(9), y: Some(0) }" }
    WORLD_OPERATIONS: 0
  SYSTEM 1
    COMPONENT_CHANGES: 0
    WORLD_OPERATIONS: 0
  SYSTEM 2
    COMPONENT_CHANGES: 0
    WORLD_OPERATIONS: 0

UPDATE 199
SYSTEMS: 3
  SYSTEM 0
    COMPONENT_CHANGES: 3
      Modified { entity: Entity { id: 0, generation: 0 }, type_name: "Position", diff_string: "PositionDiff { x: Some(8), y: Some(9) }" }
      Modified { entity: Entity { id: 1, generation: 0 }, type_name: "Position", diff_string: "PositionDiff { x: Some(9), y: Some(0) }" }
      Modified { entity: Entity { id: 2, generation: 0 }, type_name: "Position", diff_string: "PositionDiff { x: Some(0), y: Some(1) }" }
    WORLD_OPERATIONS: 0
  SYSTEM 1
    COMPONENT_CHANGES: 0
    WORLD_OPERATIONS: 0
  SYSTEM 2
    COMPONENT_CHANGES: 0
    WORLD_OPERATIONS: 0

UPDATE 200
SYSTEMS: 3
  SYSTEM 0
    COMPONENT_CHANGES: 3
      Modified { entity: Entity { id: 0, generation: 0 }, type_name: "Position", diff_string: "PositionDiff { x: Some(9), y: Some(0) }" }
      Modified { entity: Entity { id: 1, generation: 0 }, type_name: "Position", diff_string: "PositionDiff { x: Some(0), y: Some(1) }" }
      Modified { entity: Entity { id: 2, generation: 0 }, type_name: "Position", diff_string: "PositionDiff { x: Some(1), y: Some(2) }" }
    WORLD_OPERATIONS: 0
  SYSTEM 1
    COMPONENT_CHANGES: 0
    WORLD_OPERATIONS: 0
  SYSTEM 2
    COMPONENT_CHANGES: 0
    WORLD_OPERATIONS: 0

UPDATE 201
SYSTEMS: 3
  SYSTEM 0
    COMPONENT_CHANGES: 3
      Modified { entity: Entity { id: 0, generation: 0 }, type_name: "Position", diff_string: "PositionDiff { x: Some(0), y: Some(1) }" }
      Modified { entity: Entity { id: 1, generation: 0 }, type_name: "Position", diff_string: "PositionDiff { x: Some(1), y: Some(2) }" }
      Modified { entity: Entity { id: 2, generation: 0 }, type_name: "Position", diff_string: "PositionDiff { x: Some(2), y: Some(3) }" }
    WORLD_OPERATIONS: 0
  SYSTEM 1
    COMPONENT_CHANGES: 1
      Modified { entity: Entity { id: 0, generation: 0 }, type_name: "WaitTimer", diff_string: "WaitTimerDiff { ticks: Some(5) }" }
    WORLD_OPERATIONS: 0
  SYSTEM 2
    COMPONENT_CHANGES: 0
    WORLD_OPERATIONS: 0

UPDATE 202
SYSTEMS: 3
  SYSTEM 0
    COMPONENT_CHANGES: 3
      Modified { entity: Entity { id: 0, generation: 0 }, type_name: "Position", diff_string: "PositionDiff { x: Some(1), y: Some(2) }" }
      Modified { entity: Entity { id: 1, generation: 0 }, type_name: "Position", diff_string: "PositionDiff { x: Some(2), y: Some(3) }" }
      Modified { entity: Entity { id: 2, generation: 0 }, type_name: "Position", diff_string: "PositionDiff { x: Some(3), y: Some(4) }" }
    WORLD_OPERATIONS: 0
  SYSTEM 1
    COMPONENT_CHANGES: 0
    WORLD_OPERATIONS: 0
  SYSTEM 2
    COMPONENT_CHANGES: 0
    WORLD_OPERATIONS: 0

UPDATE 203
SYSTEMS: 3
  SYSTEM 0
    COMPONENT_CHANGES: 3
      Modified { entity: Entity { id: 0, generation: 0 }, type_name: "Position", diff_string: "PositionDiff { x: Some(2), y: Some(3) }" }
      Modified { entity: Entity { id: 1, generation: 0 }, type_name: "Position", diff_string: "PositionDiff { x: Some(3), y: Some(4) }" }
      Modified { entity: Entity { id: 2, generation: 0 }, type_name: "Position", diff_string: "PositionDiff { x: Some(4), y: Some(5) }" }
    WORLD_OPERATIONS: 0
  SYSTEM 1
    COMPONENT_CHANGES: 0
    WORLD_OPERATIONS: 0
  SYSTEM 2
    COMPONENT_CHANGES: 0
    WORLD_OPERATIONS: 0

UPDATE 204
SYSTEMS: 3
  SYSTEM 0
    COMPONENT_CHANGES: 3
      Modified { entity: Entity { id: 0, generation: 0 }, type_name: "Position", diff_string: "PositionDiff { x: Some(3), y: Some(4) }" }
      Modified { entity: Entity { id: 1, generation: 0 }, type_name: "Position", diff_string: "PositionDiff { x: Some(4), y: Some(5) }" }
      Modified { entity: Entity { id: 2, generation: 0 }, type_name: "Position", diff_string: "PositionDiff { x: Some(5), y: Some(6) }" }
    WORLD_OPERATIONS: 0
  SYSTEM 1
    COMPONENT_CHANGES: 0
    WORLD_OPERATIONS: 0
  SYSTEM 2
    COMPONENT_CHANGES: 0
    WORLD_OPERATIONS: 0

UPDATE 205
SYSTEMS: 3
  SYSTEM 0
    COMPONENT_CHANGES: 3
      Modified { entity: Entity { id: 0, generation: 0 }, type_name: "Position", diff_string: "PositionDiff { x: Some(4), y: Some(5) }" }
      Modified { entity: Entity { id: 1, generation: 0 }, type_name: "Position", diff_string: "PositionDiff { x: Some(5), y: Some(6) }" }
      Modified { entity: Entity { id: 2, generation: 0 }, type_name: "Position", diff_string: "PositionDiff { x: Some(6), y: Some(7) }" }
    WORLD_OPERATIONS: 0
  SYSTEM 1
    COMPONENT_CHANGES: 0
    WORLD_OPERATIONS: 0
  SYSTEM 2
    COMPONENT_CHANGES: 0
    WORLD_OPERATIONS: 0

UPDATE 206
SYSTEMS: 3
  SYSTEM 0
    COMPONENT_CHANGES: 3
      Modified { entity: Entity { id: 0, generation: 0 }, type_name: "Position", diff_string: "PositionDiff { x: Some(5), y: Some(6) }" }
      Modified { entity: Entity { id: 1, generation: 0 }, type_name: "Position", diff_string: "PositionDiff { x: Some(6), y: Some(7) }" }
      Modified { entity: Entity { id: 2, generation: 0 }, type_name: "Position", diff_string: "PositionDiff { x: Some(7), y: Some(8) }" }
    WORLD_OPERATIONS: 0
  SYSTEM 1
    COMPONENT_CHANGES: 0
    WORLD_OPERATIONS: 0
  SYSTEM 2
    COMPONENT_CHANGES: 0
    WORLD_OPERATIONS: 0

UPDATE 207
SYSTEMS: 3
  SYSTEM 0
    COMPONENT_CHANGES: 3
      Modified { entity: Entity { id: 0, generation: 0 }, type_name: "Position", diff_string: "PositionDiff { x: Some(6), y: Some(7) }" }
      Modified { entity: Entity { id: 1, generation: 0 }, type_name: "Position", diff_string: "PositionDiff { x: Some(7), y: Some(8) }" }
      Modified { entity: Entity { id: 2, generation: 0 }, type_name: "Position", diff_string: "PositionDiff { x: Some(8), y: Some(9) }" }
    WORLD_OPERATIONS: 0
  SYSTEM 1
    COMPONENT_CHANGES: 0
    WORLD_OPERATIONS: 0
  SYSTEM 2
    COMPONENT_CHANGES: 0
    WORLD_OPERATIONS: 0

UPDATE 208
SYSTEMS: 3
  SYSTEM 0
    COMPONENT_CHANGES: 3
      Modified { entity: Entity { id: 0, generation: 0 }, type_name: "Position", diff_string: "PositionDiff { x: Some(7), y: Some(8) }" }
      Modified { entity: Entity { id: 1, generation: 0 }, type_name: "Position", diff_string: "PositionDiff { x: Some(8), y: Some(9) }" }
      Modified { entity: Entity { id: 2, generation: 0 }, type_name: "Position", diff_string: "PositionDiff { x: Some(9), y: Some(0) }" }
    WORLD_OPERATIONS: 0
  SYSTEM 1
    COMPONENT_CHANGES: 0
    WORLD_OPERATIONS: 0
  SYSTEM 2
    COMPONENT_CHANGES: 0
    WORLD_OPERATIONS: 0

UPDATE 209
SYSTEMS: 3
  SYSTEM 0
    COMPONENT_CHANGES: 3
      Modified { entity: Entity { id: 0, generation: 0 }, type_name: "Position", diff_string: "PositionDiff { x: Some(8), y: Some(9) }" }
      Modified { entity: Entity { id: 1, generation: 0 }, type_name: "Position", diff_string: "PositionDiff { x: Some(9), y: Some(0) }" }
      Modified { entity: Entity { id: 2, generation: 0 }, type_name: "Position", diff_string: "PositionDiff { x: Some(0), y: Some(1) }" }
    WORLD_OPERATIONS: 0
  SYSTEM 1
    COMPONENT_CHANGES: 0
    WORLD_OPERATIONS: 0
  SYSTEM 2
    COMPONENT_CHANGES: 0
    WORLD_OPERATIONS: 0

UPDATE 210
SYSTEMS: 3
  SYSTEM 0
    COMPONENT_CHANGES: 3
      Modified { entity: Entity { id: 0, generation: 0 }, type_name: "Position", diff_string: "PositionDiff { x: Some(9), y: Some(0) }" }
      Modified { entity: Entity { id: 1, generation: 0 }, type_name: "Position", diff_string: "PositionDiff { x: Some(0), y: Some(1) }" }
      Modified { entity: Entity { id: 2, generation: 0 }, type_name: "Position", diff_string: "PositionDiff { x: Some(1), y: Some(2) }" }
    WORLD_OPERATIONS: 0
  SYSTEM 1
    COMPONENT_CHANGES: 0
    WORLD_OPERATIONS: 0
  SYSTEM 2
    COMPONENT_CHANGES: 0
    WORLD_OPERATIONS: 0

UPDATE 211
SYSTEMS: 3
  SYSTEM 0
    COMPONENT_CHANGES: 3
      Modified { entity: Entity { id: 0, generation: 0 }, type_name: "Position", diff_string: "PositionDiff { x: Some(0), y: Some(1) }" }
      Modified { entity: Entity { id: 1, generation: 0 }, type_name: "Position", diff_string: "PositionDiff { x: Some(1), y: Some(2) }" }
      Modified { entity: Entity { id: 2, generation: 0 }, type_name: "Position", diff_string: "PositionDiff { x: Some(2), y: Some(3) }" }
    WORLD_OPERATIONS: 0
  SYSTEM 1
    COMPONENT_CHANGES: 1
      Modified { entity: Entity { id: 0, generation: 0 }, type_name: "WaitTimer", diff_string: "WaitTimerDiff { ticks: Some(5) }" }
    WORLD_OPERATIONS: 0
  SYSTEM 2
    COMPONENT_CHANGES: 0
    WORLD_OPERATIONS: 0

UPDATE 212
SYSTEMS: 3
  SYSTEM 0
    COMPONENT_CHANGES: 3
      Modified { entity: Entity { id: 0, generation: 0 }, type_name: "Position", diff_string: "PositionDiff { x: Some(1), y: Some(2) }" }
      Modified { entity: Entity { id: 1, generation: 0 }, type_name: "Position", diff_string: "PositionDiff { x: Some(2), y: Some(3) }" }
      Modified { entity: Entity { id: 2, generation: 0 }, type_name: "Position", diff_string: "PositionDiff { x: Some(3), y: Some(4) }" }
    WORLD_OPERATIONS: 0
  SYSTEM 1
    COMPONENT_CHANGES: 0
    WORLD_OPERATIONS: 0
  SYSTEM 2
    COMPONENT_CHANGES: 0
    WORLD_OPERATIONS: 0

UPDATE 213
SYSTEMS: 3
  SYSTEM 0
    COMPONENT_CHANGES: 3
      Modified { entity: Entity { id: 0, generation: 0 }, type_name: "Position", diff_string: "PositionDiff { x: Some(2), y: Some(3) }" }
      Modified { entity: Entity { id: 1, generation: 0 }, type_name: "Position", diff_string: "PositionDiff { x: Some(3), y: Some(4) }" }
      Modified { entity: Entity { id: 2, generation: 0 }, type_name: "Position", diff_string: "PositionDiff { x: Some(4), y: Some(5) }" }
    WORLD_OPERATIONS: 0
  SYSTEM 1
    COMPONENT_CHANGES: 0
    WORLD_OPERATIONS: 0
  SYSTEM 2
    COMPONENT_CHANGES: 0
    WORLD_OPERATIONS: 0

UPDATE 214
SYSTEMS: 3
  SYSTEM 0
    COMPONENT_CHANGES: 3
      Modified { entity: Entity { id: 0, generation: 0 }, type_name: "Position", diff_string: "PositionDiff { x: Some(3), y: Some(4) }" }
      Modified { entity: Entity { id: 1, generation: 0 }, type_name: "Position", diff_string: "PositionDiff { x: Some(4), y: Some(5) }" }
      Modified { entity: Entity { id: 2, generation: 0 }, type_name: "Position", diff_string: "PositionDiff { x: Some(5), y: Some(6) }" }
    WORLD_OPERATIONS: 0
  SYSTEM 1
    COMPONENT_CHANGES: 0
    WORLD_OPERATIONS: 0
  SYSTEM 2
    COMPONENT_CHANGES: 0
    WORLD_OPERATIONS: 0

UPDATE 215
SYSTEMS: 3
  SYSTEM 0
    COMPONENT_CHANGES: 3
      Modified { entity: Entity { id: 0, generation: 0 }, type_name: "Position", diff_string: "PositionDiff { x: Some(4), y: Some(5) }" }
      Modified { entity: Entity { id: 1, generation: 0 }, type_name: "Position", diff_string: "PositionDiff { x: Some(5), y: Some(6) }" }
      Modified { entity: Entity { id: 2, generation: 0 }, type_name: "Position", diff_string: "PositionDiff { x: Some(6), y: Some(7) }" }
    WORLD_OPERATIONS: 0
  SYSTEM 1
    COMPONENT_CHANGES: 0
    WORLD_OPERATIONS: 0
  SYSTEM 2
    COMPONENT_CHANGES: 0
    WORLD_OPERATIONS: 0

UPDATE 216
SYSTEMS: 3
  SYSTEM 0
    COMPONENT_CHANGES: 3
      Modified { entity: Entity { id: 0, generation: 0 }, type_name: "Position", diff_string: "PositionDiff { x: Some(5), y: Some(6) }" }
      Modified { entity: Entity { id: 1, generation: 0 }, type_name: "Position", diff_string: "PositionDiff { x: Some(6), y: Some(7) }" }
      Modified { entity: Entity { id: 2, generation: 0 }, type_name: "Position", diff_string: "PositionDiff { x: Some(7), y: Some(8) }" }
    WORLD_OPERATIONS: 0
  SYSTEM 1
    COMPONENT_CHANGES: 0
    WORLD_OPERATIONS: 0
  SYSTEM 2
    COMPONENT_CHANGES: 0
    WORLD_OPERATIONS: 0

UPDATE 217
SYSTEMS: 3
  SYSTEM 0
    COMPONENT_CHANGES: 3
      Modified { entity: Entity { id: 0, generation: 0 }, type_name: "Position", diff_string: "PositionDiff { x: Some(6), y: Some(7) }" }
      Modified { entity: Entity { id: 1, generation: 0 }, type_name: "Position", diff_string: "PositionDiff { x: Some(7), y: Some(8) }" }
      Modified { entity: Entity { id: 2, generation: 0 }, type_name: "Position", diff_string: "PositionDiff { x: Some(8), y: Some(9) }" }
    WORLD_OPERATIONS: 0
  SYSTEM 1
    COMPONENT_CHANGES: 0
    WORLD_OPERATIONS: 0
  SYSTEM 2
    COMPONENT_CHANGES: 0
    WORLD_OPERATIONS: 0

UPDATE 218
SYSTEMS: 3
  SYSTEM 0
    COMPONENT_CHANGES: 3
      Modified { entity: Entity { id: 0, generation: 0 }, type_name: "Position", diff_string: "PositionDiff { x: Some(7), y: Some(8) }" }
      Modified { entity: Entity { id: 1, generation: 0 }, type_name: "Position", diff_string: "PositionDiff { x: Some(8), y: Some(9) }" }
      Modified { entity: Entity { id: 2, generation: 0 }, type_name: "Position", diff_string: "PositionDiff { x: Some(9), y: Some(0) }" }
    WORLD_OPERATIONS: 0
  SYSTEM 1
    COMPONENT_CHANGES: 0
    WORLD_OPERATIONS: 0
  SYSTEM 2
    COMPONENT_CHANGES: 0
    WORLD_OPERATIONS: 0

UPDATE 219
SYSTEMS: 3
  SYSTEM 0
    COMPONENT_CHANGES: 3
      Modified { entity: Entity { id: 0, generation: 0 }, type_name: "Position", diff_string: "PositionDiff { x: Some(8), y: Some(9) }" }
      Modified { entity: Entity { id: 1, generation: 0 }, type_name: "Position", diff_string: "PositionDiff { x: Some(9), y: Some(0) }" }
      Modified { entity: Entity { id: 2, generation: 0 }, type_name: "Position", diff_string: "PositionDiff { x: Some(0), y: Some(1) }" }
    WORLD_OPERATIONS: 0
  SYSTEM 1
    COMPONENT_CHANGES: 0
    WORLD_OPERATIONS: 0
  SYSTEM 2
    COMPONENT_CHANGES: 0
    WORLD_OPERATIONS: 0

UPDATE 220
SYSTEMS: 3
  SYSTEM 0
    COMPONENT_CHANGES: 3
      Modified { entity: Entity { id: 0, generation: 0 }, type_name: "Position", diff_string: "PositionDiff { x: Some(9), y: Some(0) }" }
      Modified { entity: Entity { id: 1, generation: 0 }, type_name: "Position", diff_string: "PositionDiff { x: Some(0), y: Some(1) }" }
      Modified { entity: Entity { id: 2, generation: 0 }, type_name: "Position", diff_string: "PositionDiff { x: Some(1), y: Some(2) }" }
    WORLD_OPERATIONS: 0
  SYSTEM 1
    COMPONENT_CHANGES: 0
    WORLD_OPERATIONS: 0
  SYSTEM 2
    COMPONENT_CHANGES: 0
    WORLD_OPERATIONS: 0

UPDATE 221
SYSTEMS: 3
  SYSTEM 0
    COMPONENT_CHANGES: 3
      Modified { entity: Entity { id: 0, generation: 0 }, type_name: "Position", diff_string: "PositionDiff { x: Some(0), y: Some(1) }" }
      Modified { entity: Entity { id: 1, generation: 0 }, type_name: "Position", diff_string: "PositionDiff { x: Some(1), y: Some(2) }" }
      Modified { entity: Entity { id: 2, generation: 0 }, type_name: "Position", diff_string: "PositionDiff { x: Some(2), y: Some(3) }" }
    WORLD_OPERATIONS: 0
  SYSTEM 1
    COMPONENT_CHANGES: 1
      Modified { entity: Entity { id: 0, generation: 0 }, type_name: "WaitTimer", diff_string: "WaitTimerDiff { ticks: Some(5) }" }
    WORLD_OPERATIONS: 0
  SYSTEM 2
    COMPONENT_CHANGES: 0
    WORLD_OPERATIONS: 0

UPDATE 222
SYSTEMS: 3
  SYSTEM 0
    COMPONENT_CHANGES: 3
      Modified { entity: Entity { id: 0, generation: 0 }, type_name: "Position", diff_string: "PositionDiff { x: Some(1), y: Some(2) }" }
      Modified { entity: Entity { id: 1, generation: 0 }, type_name: "Position", diff_string: "PositionDiff { x: Some(2), y: Some(3) }" }
      Modified { entity: Entity { id: 2, generation: 0 }, type_name: "Position", diff_string: "PositionDiff { x: Some(3), y: Some(4) }" }
    WORLD_OPERATIONS: 0
  SYSTEM 1
    COMPONENT_CHANGES: 0
    WORLD_OPERATIONS: 0
  SYSTEM 2
    COMPONENT_CHANGES: 0
    WORLD_OPERATIONS: 0

UPDATE 223
SYSTEMS: 3
  SYSTEM 0
    COMPONENT_CHANGES: 3
      Modified { entity: Entity { id: 0, generation: 0 }, type_name: "Position", diff_string: "PositionDiff { x: Some(2), y: Some(3) }" }
      Modified { entity: Entity { id: 1, generation: 0 }, type_name: "Position", diff_string: "PositionDiff { x: Some(3), y: Some(4) }" }
      Modified { entity: Entity { id: 2, generation: 0 }, type_name: "Position", diff_string: "PositionDiff { x: Some(4), y: Some(5) }" }
    WORLD_OPERATIONS: 0
  SYSTEM 1
    COMPONENT_CHANGES: 0
    WORLD_OPERATIONS: 0
  SYSTEM 2
    COMPONENT_CHANGES: 0
    WORLD_OPERATIONS: 0

UPDATE 224
SYSTEMS: 3
  SYSTEM 0
    COMPONENT_CHANGES: 3
      Modified { entity: Entity { id: 0, generation: 0 }, type_name: "Position", diff_string: "PositionDiff { x: Some(3), y: Some(4) }" }
      Modified { entity: Entity { id: 1, generation: 0 }, type_name: "Position", diff_string: "PositionDiff { x: Some(4), y: Some(5) }" }
      Modified { entity: Entity { id: 2, generation: 0 }, type_name: "Position", diff_string: "PositionDiff { x: Some(5), y: Some(6) }" }
    WORLD_OPERATIONS: 0
  SYSTEM 1
    COMPONENT_CHANGES: 0
    WORLD_OPERATIONS: 0
  SYSTEM 2
    COMPONENT_CHANGES: 0
    WORLD_OPERATIONS: 0

UPDATE 225
SYSTEMS: 3
  SYSTEM 0
    COMPONENT_CHANGES: 3
      Modified { entity: Entity { id: 0, generation: 0 }, type_name: "Position", diff_string: "PositionDiff { x: Some(4), y: Some(5) }" }
      Modified { entity: Entity { id: 1, generation: 0 }, type_name: "Position", diff_string: "PositionDiff { x: Some(5), y: Some(6) }" }
      Modified { entity: Entity { id: 2, generation: 0 }, type_name: "Position", diff_string: "PositionDiff { x: Some(6), y: Some(7) }" }
    WORLD_OPERATIONS: 0
  SYSTEM 1
    COMPONENT_CHANGES: 0
    WORLD_OPERATIONS: 0
  SYSTEM 2
    COMPONENT_CHANGES: 0
    WORLD_OPERATIONS: 0

UPDATE 226
SYSTEMS: 3
  SYSTEM 0
    COMPONENT_CHANGES: 3
      Modified { entity: Entity { id: 0, generation: 0 }, type_name: "Position", diff_string: "PositionDiff { x: Some(5), y: Some(6) }" }
      Modified { entity: Entity { id: 1, generation: 0 }, type_name: "Position", diff_string: "PositionDiff { x: Some(6), y: Some(7) }" }
      Modified { entity: Entity { id: 2, generation: 0 }, type_name: "Position", diff_string: "PositionDiff { x: Some(7), y: Some(8) }" }
    WORLD_OPERATIONS: 0
  SYSTEM 1
    COMPONENT_CHANGES: 0
    WORLD_OPERATIONS: 0
  SYSTEM 2
    COMPONENT_CHANGES: 0
    WORLD_OPERATIONS: 0

UPDATE 227
SYSTEMS: 3
  SYSTEM 0
    COMPONENT_CHANGES: 3
      Modified { entity: Entity { id: 0, generation: 0 }, type_name: "Position", diff_string: "PositionDiff { x: Some(6), y: Some(7) }" }
      Modified { entity: Entity { id: 1, generation: 0 }, type_name: "Position", diff_string: "PositionDiff { x: Some(7), y: Some(8) }" }
      Modified { entity: Entity { id: 2, generation: 0 }, type_name: "Position", diff_string: "PositionDiff { x: Some(8), y: Some(9) }" }
    WORLD_OPERATIONS: 0
  SYSTEM 1
    COMPONENT_CHANGES: 0
    WORLD_OPERATIONS: 0
  SYSTEM 2
    COMPONENT_CHANGES: 0
    WORLD_OPERATIONS: 0

UPDATE 228
SYSTEMS: 3
  SYSTEM 0
    COMPONENT_CHANGES: 3
      Modified { entity: Entity { id: 0, generation: 0 }, type_name: "Position", diff_string: "PositionDiff { x: Some(7), y: Some(8) }" }
      Modified { entity: Entity { id: 1, generation: 0 }, type_name: "Position", diff_string: "PositionDiff { x: Some(8), y: Some(9) }" }
      Modified { entity: Entity { id: 2, generation: 0 }, type_name: "Position", diff_string: "PositionDiff { x: Some(9), y: Some(0) }" }
    WORLD_OPERATIONS: 0
  SYSTEM 1
    COMPONENT_CHANGES: 0
    WORLD_OPERATIONS: 0
  SYSTEM 2
    COMPONENT_CHANGES: 0
    WORLD_OPERATIONS: 0

UPDATE 229
SYSTEMS: 3
  SYSTEM 0
    COMPONENT_CHANGES: 3
      Modified { entity: Entity { id: 0, generation: 0 }, type_name: "Position", diff_string: "PositionDiff { x: Some(8), y: Some(9) }" }
      Modified { entity: Entity { id: 1, generation: 0 }, type_name: "Position", diff_string: "PositionDiff { x: Some(9), y: Some(0) }" }
      Modified { entity: Entity { id: 2, generation: 0 }, type_name: "Position", diff_string: "PositionDiff { x: Some(0), y: Some(1) }" }
    WORLD_OPERATIONS: 0
  SYSTEM 1
    COMPONENT_CHANGES: 0
    WORLD_OPERATIONS: 0
  SYSTEM 2
    COMPONENT_CHANGES: 0
    WORLD_OPERATIONS: 0

UPDATE 230
SYSTEMS: 3
  SYSTEM 0
    COMPONENT_CHANGES: 3
      Modified { entity: Entity { id: 0, generation: 0 }, type_name: "Position", diff_string: "PositionDiff { x: Some(9), y: Some(0) }" }
      Modified { entity: Entity { id: 1, generation: 0 }, type_name: "Position", diff_string: "PositionDiff { x: Some(0), y: Some(1) }" }
      Modified { entity: Entity { id: 2, generation: 0 }, type_name: "Position", diff_string: "PositionDiff { x: Some(1), y: Some(2) }" }
    WORLD_OPERATIONS: 0
  SYSTEM 1
    COMPONENT_CHANGES: 0
    WORLD_OPERATIONS: 0
  SYSTEM 2
    COMPONENT_CHANGES: 0
    WORLD_OPERATIONS: 0

UPDATE 231
SYSTEMS: 3
  SYSTEM 0
    COMPONENT_CHANGES: 3
      Modified { entity: Entity { id: 0, generation: 0 }, type_name: "Position", diff_string: "PositionDiff { x: Some(0), y: Some(1) }" }
      Modified { entity: Entity { id: 1, generation: 0 }, type_name: "Position", diff_string: "PositionDiff { x: Some(1), y: Some(2) }" }
      Modified { entity: Entity { id: 2, generation: 0 }, type_name: "Position", diff_string: "PositionDiff { x: Some(2), y: Some(3) }" }
    WORLD_OPERATIONS: 0
  SYSTEM 1
    COMPONENT_CHANGES: 1
      Modified { entity: Entity { id: 0, generation: 0 }, type_name: "WaitTimer", diff_string: "WaitTimerDiff { ticks: Some(5) }" }
    WORLD_OPERATIONS: 0
  SYSTEM 2
    COMPONENT_CHANGES: 0
    WORLD_OPERATIONS: 0

UPDATE 232
SYSTEMS: 3
  SYSTEM 0
    COMPONENT_CHANGES: 3
      Modified { entity: Entity { id: 0, generation: 0 }, type_name: "Position", diff_string: "PositionDiff { x: Some(1), y: Some(2) }" }
      Modified { entity: Entity { id: 1, generation: 0 }, type_name: "Position", diff_string: "PositionDiff { x: Some(2), y: Some(3) }" }
      Modified { entity: Entity { id: 2, generation: 0 }, type_name: "Position", diff_string: "PositionDiff { x: Some(3), y: Some(4) }" }
    WORLD_OPERATIONS: 0
  SYSTEM 1
    COMPONENT_CHANGES: 0
    WORLD_OPERATIONS: 0
  SYSTEM 2
    COMPONENT_CHANGES: 0
    WORLD_OPERATIONS: 0

UPDATE 233
SYSTEMS: 3
  SYSTEM 0
    COMPONENT_CHANGES: 3
      Modified { entity: Entity { id: 0, generation: 0 }, type_name: "Position", diff_string: "PositionDiff { x: Some(2), y: Some(3) }" }
      Modified { entity: Entity { id: 1, generation: 0 }, type_name: "Position", diff_string: "PositionDiff { x: Some(3), y: Some(4) }" }
      Modified { entity: Entity { id: 2, generation: 0 }, type_name: "Position", diff_string: "PositionDiff { x: Some(4), y: Some(5) }" }
    WORLD_OPERATIONS: 0
  SYSTEM 1
    COMPONENT_CHANGES: 0
    WORLD_OPERATIONS: 0
  SYSTEM 2
    COMPONENT_CHANGES: 0
    WORLD_OPERATIONS: 0

UPDATE 234
SYSTEMS: 3
  SYSTEM 0
    COMPONENT_CHANGES: 3
      Modified { entity: Entity { id: 0, generation: 0 }, type_name: "Position", diff_string: "PositionDiff { x: Some(3), y: Some(4) }" }
      Modified { entity: Entity { id: 1, generation: 0 }, type_name: "Position", diff_string: "PositionDiff { x: Some(4), y: Some(5) }" }
      Modified { entity: Entity { id: 2, generation: 0 }, type_name: "Position", diff_string: "PositionDiff { x: Some(5), y: Some(6) }" }
    WORLD_OPERATIONS: 0
  SYSTEM 1
    COMPONENT_CHANGES: 0
    WORLD_OPERATIONS: 0
  SYSTEM 2
    COMPONENT_CHANGES: 0
    WORLD_OPERATIONS: 0

UPDATE 235
SYSTEMS: 3
  SYSTEM 0
    COMPONENT_CHANGES: 3
      Modified { entity: Entity { id: 0, generation: 0 }, type_name: "Position", diff_string: "PositionDiff { x: Some(4), y: Some(5) }" }
      Modified { entity: Entity { id: 1, generation: 0 }, type_name: "Position", diff_string: "PositionDiff { x: Some(5), y: Some(6) }" }
      Modified { entity: Entity { id: 2, generation: 0 }, type_name: "Position", diff_string: "PositionDiff { x: Some(6), y: Some(7) }" }
    WORLD_OPERATIONS: 0
  SYSTEM 1
    COMPONENT_CHANGES: 0
    WORLD_OPERATIONS: 0
  SYSTEM 2
    COMPONENT_CHANGES: 0
    WORLD_OPERATIONS: 0

UPDATE 236
SYSTEMS: 3
  SYSTEM 0
    COMPONENT_CHANGES: 3
      Modified { entity: Entity { id: 0, generation: 0 }, type_name: "Position", diff_string: "PositionDiff { x: Some(5), y: Some(6) }" }
      Modified { entity: Entity { id: 1, generation: 0 }, type_name: "Position", diff_string: "PositionDiff { x: Some(6), y: Some(7) }" }
      Modified { entity: Entity { id: 2, generation: 0 }, type_name: "Position", diff_string: "PositionDiff { x: Some(7), y: Some(8) }" }
    WORLD_OPERATIONS: 0
  SYSTEM 1
    COMPONENT_CHANGES: 0
    WORLD_OPERATIONS: 0
  SYSTEM 2
    COMPONENT_CHANGES: 0
    WORLD_OPERATIONS: 0

UPDATE 237
SYSTEMS: 3
  SYSTEM 0
    COMPONENT_CHANGES: 3
      Modified { entity: Entity { id: 0, generation: 0 }, type_name: "Position", diff_string: "PositionDiff { x: Some(6), y: Some(7) }" }
      Modified { entity: Entity { id: 1, generation: 0 }, type_name: "Position", diff_string: "PositionDiff { x: Some(7), y: Some(8) }" }
      Modified { entity: Entity { id: 2, generation: 0 }, type_name: "Position", diff_string: "PositionDiff { x: Some(8), y: Some(9) }" }
    WORLD_OPERATIONS: 0
  SYSTEM 1
    COMPONENT_CHANGES: 0
    WORLD_OPERATIONS: 0
  SYSTEM 2
    COMPONENT_CHANGES: 0
    WORLD_OPERATIONS: 0

UPDATE 238
SYSTEMS: 3
  SYSTEM 0
    COMPONENT_CHANGES: 3
      Modified { entity: Entity { id: 0, generation: 0 }, type_name: "Position", diff_string: "PositionDiff { x: Some(7), y: Some(8) }" }
      Modified { entity: Entity { id: 1, generation: 0 }, type_name: "Position", diff_string: "PositionDiff { x: Some(8), y: Some(9) }" }
      Modified { entity: Entity { id: 2, generation: 0 }, type_name: "Position", diff_string: "PositionDiff { x: Some(9), y: Some(0) }" }
    WORLD_OPERATIONS: 0
  SYSTEM 1
    COMPONENT_CHANGES: 0
    WORLD_OPERATIONS: 0
  SYSTEM 2
    COMPONENT_CHANGES: 0
    WORLD_OPERATIONS: 0

UPDATE 239
SYSTEMS: 3
  SYSTEM 0
    COMPONENT_CHANGES: 3
      Modified { entity: Entity { id: 0, generation: 0 }, type_name: "Position", diff_string: "PositionDiff { x: Some(8), y: Some(9) }" }
      Modified { entity: Entity { id: 1, generation: 0 }, type_name: "Position", diff_string: "PositionDiff { x: Some(9), y: Some(0) }" }
      Modified { entity: Entity { id: 2, generation: 0 }, type_name: "Position", diff_string: "PositionDiff { x: Some(0), y: Some(1) }" }
    WORLD_OPERATIONS: 0
  SYSTEM 1
    COMPONENT_CHANGES: 0
    WORLD_OPERATIONS: 0
  SYSTEM 2
    COMPONENT_CHANGES: 0
    WORLD_OPERATIONS: 0

UPDATE 240
SYSTEMS: 3
  SYSTEM 0
    COMPONENT_CHANGES: 3
      Modified { entity: Entity { id: 0, generation: 0 }, type_name: "Position", diff_string: "PositionDiff { x: Some(9), y: Some(0) }" }
      Modified { entity: Entity { id: 1, generation: 0 }, type_name: "Position", diff_string: "PositionDiff { x: Some(0), y: Some(1) }" }
      Modified { entity: Entity { id: 2, generation: 0 }, type_name: "Position", diff_string: "PositionDiff { x: Some(1), y: Some(2) }" }
    WORLD_OPERATIONS: 0
  SYSTEM 1
    COMPONENT_CHANGES: 0
    WORLD_OPERATIONS: 0
  SYSTEM 2
    COMPONENT_CHANGES: 0
    WORLD_OPERATIONS: 0

UPDATE 241
SYSTEMS: 3
  SYSTEM 0
    COMPONENT_CHANGES: 3
      Modified { entity: Entity { id: 0, generation: 0 }, type_name: "Position", diff_string: "PositionDiff { x: Some(0), y: Some(1) }" }
      Modified { entity: Entity { id: 1, generation: 0 }, type_name: "Position", diff_string: "PositionDiff { x: Some(1), y: Some(2) }" }
      Modified { entity: Entity { id: 2, generation: 0 }, type_name: "Position", diff_string: "PositionDiff { x: Some(2), y: Some(3) }" }
    WORLD_OPERATIONS: 0
  SYSTEM 1
    COMPONENT_CHANGES: 1
      Modified { entity: Entity { id: 0, generation: 0 }, type_name: "WaitTimer", diff_string: "WaitTimerDiff { ticks: Some(5) }" }
    WORLD_OPERATIONS: 0
  SYSTEM 2
    COMPONENT_CHANGES: 0
    WORLD_OPERATIONS: 0

UPDATE 242
SYSTEMS: 3
  SYSTEM 0
    COMPONENT_CHANGES: 3
      Modified { entity: Entity { id: 0, generation: 0 }, type_name: "Position", diff_string: "PositionDiff { x: Some(1), y: Some(2) }" }
      Modified { entity: Entity { id: 1, generation: 0 }, type_name: "Position", diff_string: "PositionDiff { x: Some(2), y: Some(3) }" }
      Modified { entity: Entity { id: 2, generation: 0 }, type_name: "Position", diff_string: "PositionDiff { x: Some(3), y: Some(4) }" }
    WORLD_OPERATIONS: 0
  SYSTEM 1
    COMPONENT_CHANGES: 0
    WORLD_OPERATIONS: 0
  SYSTEM 2
    COMPONENT_CHANGES: 0
    WORLD_OPERATIONS: 0

UPDATE 243
SYSTEMS: 3
  SYSTEM 0
    COMPONENT_CHANGES: 3
      Modified { entity: Entity { id: 0, generation: 0 }, type_name: "Position", diff_string: "PositionDiff { x: Some(2), y: Some(3) }" }
      Modified { entity: Entity { id: 1, generation: 0 }, type_name: "Position", diff_string: "PositionDiff { x: Some(3), y: Some(4) }" }
      Modified { entity: Entity { id: 2, generation: 0 }, type_name: "Position", diff_string: "PositionDiff { x: Some(4), y: Some(5) }" }
    WORLD_OPERATIONS: 0
  SYSTEM 1
    COMPONENT_CHANGES: 0
    WORLD_OPERATIONS: 0
  SYSTEM 2
    COMPONENT_CHANGES: 0
    WORLD_OPERATIONS: 0

UPDATE 244
SYSTEMS: 3
  SYSTEM 0
    COMPONENT_CHANGES: 3
      Modified { entity: Entity { id: 0, generation: 0 }, type_name: "Position", diff_string: "PositionDiff { x: Some(3), y: Some(4) }" }
      Modified { entity: Entity { id: 1, generation: 0 }, type_name: "Position", diff_string: "PositionDiff { x: Some(4), y: Some(5) }" }
      Modified { entity: Entity { id: 2, generation: 0 }, type_name: "Position", diff_string: "PositionDiff { x: Some(5), y: Some(6) }" }
    WORLD_OPERATIONS: 0
  SYSTEM 1
    COMPONENT_CHANGES: 0
    WORLD_OPERATIONS: 0
  SYSTEM 2
    COMPONENT_CHANGES: 0
    WORLD_OPERATIONS: 0

UPDATE 245
SYSTEMS: 3
  SYSTEM 0
    COMPONENT_CHANGES: 3
      Modified { entity: Entity { id: 0, generation: 0 }, type_name: "Position", diff_string: "PositionDiff { x: Some(4), y: Some(5) }" }
      Modified { entity: Entity { id: 1, generation: 0 }, type_name: "Position", diff_string: "PositionDiff { x: Some(5), y: Some(6) }" }
      Modified { entity: Entity { id: 2, generation: 0 }, type_name: "Position", diff_string: "PositionDiff { x: Some(6), y: Some(7) }" }
    WORLD_OPERATIONS: 0
  SYSTEM 1
    COMPONENT_CHANGES: 0
    WORLD_OPERATIONS: 0
  SYSTEM 2
    COMPONENT_CHANGES: 0
    WORLD_OPERATIONS: 0

UPDATE 246
SYSTEMS: 3
  SYSTEM 0
    COMPONENT_CHANGES: 3
      Modified { entity: Entity { id: 0, generation: 0 }, type_name: "Position", diff_string: "PositionDiff { x: Some(5), y: Some(6) }" }
      Modified { entity: Entity { id: 1, generation: 0 }, type_name: "Position", diff_string: "PositionDiff { x: Some(6), y: Some(7) }" }
      Modified { entity: Entity { id: 2, generation: 0 }, type_name: "Position", diff_string: "PositionDiff { x: Some(7), y: Some(8) }" }
    WORLD_OPERATIONS: 0
  SYSTEM 1
    COMPONENT_CHANGES: 0
    WORLD_OPERATIONS: 0
  SYSTEM 2
    COMPONENT_CHANGES: 0
    WORLD_OPERATIONS: 0

UPDATE 247
SYSTEMS: 3
  SYSTEM 0
    COMPONENT_CHANGES: 3
      Modified { entity: Entity { id: 0, generation: 0 }, type_name: "Position", diff_string: "PositionDiff { x: Some(6), y: Some(7) }" }
      Modified { entity: Entity { id: 1, generation: 0 }, type_name: "Position", diff_string: "PositionDiff { x: Some(7), y: Some(8) }" }
      Modified { entity: Entity { id: 2, generation: 0 }, type_name: "Position", diff_string: "PositionDiff { x: Some(8), y: Some(9) }" }
    WORLD_OPERATIONS: 0
  SYSTEM 1
    COMPONENT_CHANGES: 0
    WORLD_OPERATIONS: 0
  SYSTEM 2
    COMPONENT_CHANGES: 0
    WORLD_OPERATIONS: 0

UPDATE 248
SYSTEMS: 3
  SYSTEM 0
    COMPONENT_CHANGES: 3
      Modified { entity: Entity { id: 0, generation: 0 }, type_name: "Position", diff_string: "PositionDiff { x: Some(7), y: Some(8) }" }
      Modified { entity: Entity { id: 1, generation: 0 }, type_name: "Position", diff_string: "PositionDiff { x: Some(8), y: Some(9) }" }
      Modified { entity: Entity { id: 2, generation: 0 }, type_name: "Position", diff_string: "PositionDiff { x: Some(9), y: Some(0) }" }
    WORLD_OPERATIONS: 0
  SYSTEM 1
    COMPONENT_CHANGES: 0
    WORLD_OPERATIONS: 0
  SYSTEM 2
    COMPONENT_CHANGES: 0
    WORLD_OPERATIONS: 0

UPDATE 249
SYSTEMS: 3
  SYSTEM 0
    COMPONENT_CHANGES: 3
      Modified { entity: Entity { id: 0, generation: 0 }, type_name: "Position", diff_string: "PositionDiff { x: Some(8), y: Some(9) }" }
      Modified { entity: Entity { id: 1, generation: 0 }, type_name: "Position", diff_string: "PositionDiff { x: Some(9), y: Some(0) }" }
      Modified { entity: Entity { id: 2, generation: 0 }, type_name: "Position", diff_string: "PositionDiff { x: Some(0), y: Some(1) }" }
    WORLD_OPERATIONS: 0
  SYSTEM 1
    COMPONENT_CHANGES: 0
    WORLD_OPERATIONS: 0
  SYSTEM 2
    COMPONENT_CHANGES: 0
    WORLD_OPERATIONS: 0

UPDATE 250
SYSTEMS: 3
  SYSTEM 0
    COMPONENT_CHANGES: 3
      Modified { entity: Entity { id: 0, generation: 0 }, type_name: "Position", diff_string: "PositionDiff { x: Some(9), y: Some(0) }" }
      Modified { entity: Entity { id: 1, generation: 0 }, type_name: "Position", diff_string: "PositionDiff { x: Some(0), y: Some(1) }" }
      Modified { entity: Entity { id: 2, generation: 0 }, type_name: "Position", diff_string: "PositionDiff { x: Some(1), y: Some(2) }" }
    WORLD_OPERATIONS: 0
  SYSTEM 1
    COMPONENT_CHANGES: 0
    WORLD_OPERATIONS: 0
  SYSTEM 2
    COMPONENT_CHANGES: 0
    WORLD_OPERATIONS: 0

UPDATE 251
SYSTEMS: 3
  SYSTEM 0
    COMPONENT_CHANGES: 3
      Modified { entity: Entity { id: 0, generation: 0 }, type_name: "Position", diff_string: "PositionDiff { x: Some(0), y: Some(1) }" }
      Modified { entity: Entity { id: 1, generation: 0 }, type_name: "Position", diff_string: "PositionDiff { x: Some(1), y: Some(2) }" }
      Modified { entity: Entity { id: 2, generation: 0 }, type_name: "Position", diff_string: "PositionDiff { x: Some(2), y: Some(3) }" }
    WORLD_OPERATIONS: 0
  SYSTEM 1
    COMPONENT_CHANGES: 1
      Modified { entity: Entity { id: 0, generation: 0 }, type_name: "WaitTimer", diff_string: "WaitTimerDiff { ticks: Some(5) }" }
    WORLD_OPERATIONS: 0
  SYSTEM 2
    COMPONENT_CHANGES: 0
    WORLD_OPERATIONS: 0

UPDATE 252
SYSTEMS: 3
  SYSTEM 0
    COMPONENT_CHANGES: 3
      Modified { entity: Entity { id: 0, generation: 0 }, type_name: "Position", diff_string: "PositionDiff { x: Some(1), y: Some(2) }" }
      Modified { entity: Entity { id: 1, generation: 0 }, type_name: "Position", diff_string: "PositionDiff { x: Some(2), y: Some(3) }" }
      Modified { entity: Entity { id: 2, generation: 0 }, type_name: "Position", diff_string: "PositionDiff { x: Some(3), y: Some(4) }" }
    WORLD_OPERATIONS: 0
  SYSTEM 1
    COMPONENT_CHANGES: 0
    WORLD_OPERATIONS: 0
  SYSTEM 2
    COMPONENT_CHANGES: 0
    WORLD_OPERATIONS: 0

UPDATE 253
SYSTEMS: 3
  SYSTEM 0
    COMPONENT_CHANGES: 3
      Modified { entity: Entity { id: 0, generation: 0 }, type_name: "Position", diff_string: "PositionDiff { x: Some(2), y: Some(3) }" }
      Modified { entity: Entity { id: 1, generation: 0 }, type_name: "Position", diff_string: "PositionDiff { x: Some(3), y: Some(4) }" }
      Modified { entity: Entity { id: 2, generation: 0 }, type_name: "Position", diff_string: "PositionDiff { x: Some(4), y: Some(5) }" }
    WORLD_OPERATIONS: 0
  SYSTEM 1
    COMPONENT_CHANGES: 0
    WORLD_OPERATIONS: 0
  SYSTEM 2
    COMPONENT_CHANGES: 0
    WORLD_OPERATIONS: 0

UPDATE 254
SYSTEMS: 3
  SYSTEM 0
    COMPONENT_CHANGES: 3
      Modified { entity: Entity { id: 0, generation: 0 }, type_name: "Position", diff_string: "PositionDiff { x: Some(3), y: Some(4) }" }
      Modified { entity: Entity { id: 1, generation: 0 }, type_name: "Position", diff_string: "PositionDiff { x: Some(4), y: Some(5) }" }
      Modified { entity: Entity { id: 2, generation: 0 }, type_name: "Position", diff_string: "PositionDiff { x: Some(5), y: Some(6) }" }
    WORLD_OPERATIONS: 0
  SYSTEM 1
    COMPONENT_CHANGES: 0
    WORLD_OPERATIONS: 0
  SYSTEM 2
    COMPONENT_CHANGES: 0
    WORLD_OPERATIONS: 0

UPDATE 255
SYSTEMS: 3
  SYSTEM 0
    COMPONENT_CHANGES: 3
      Modified { entity: Entity { id: 0, generation: 0 }, type_name: "Position", diff_string: "PositionDiff { x: Some(4), y: Some(5) }" }
      Modified { entity: Entity { id: 1, generation: 0 }, type_name: "Position", diff_string: "PositionDiff { x: Some(5), y: Some(6) }" }
      Modified { entity: Entity { id: 2, generation: 0 }, type_name: "Position", diff_string: "PositionDiff { x: Some(6), y: Some(7) }" }
    WORLD_OPERATIONS: 0
  SYSTEM 1
    COMPONENT_CHANGES: 0
    WORLD_OPERATIONS: 0
  SYSTEM 2
    COMPONENT_CHANGES: 0
    WORLD_OPERATIONS: 0

UPDATE 256
SYSTEMS: 3
  SYSTEM 0
    COMPONENT_CHANGES: 3
      Modified { entity: Entity { id: 0, generation: 0 }, type_name: "Position", diff_string: "PositionDiff { x: Some(5), y: Some(6) }" }
      Modified { entity: Entity { id: 1, generation: 0 }, type_name: "Position", diff_string: "PositionDiff { x: Some(6), y: Some(7) }" }
      Modified { entity: Entity { id: 2, generation: 0 }, type_name: "Position", diff_string: "PositionDiff { x: Some(7), y: Some(8) }" }
    WORLD_OPERATIONS: 0
  SYSTEM 1
    COMPONENT_CHANGES: 0
    WORLD_OPERATIONS: 0
  SYSTEM 2
    COMPONENT_CHANGES: 0
    WORLD_OPERATIONS: 0

UPDATE 257
SYSTEMS: 3
  SYSTEM 0
    COMPONENT_CHANGES: 3
      Modified { entity: Entity { id: 0, generation: 0 }, type_name: "Position", diff_string: "PositionDiff { x: Some(6), y: Some(7) }" }
      Modified { entity: Entity { id: 1, generation: 0 }, type_name: "Position", diff_string: "PositionDiff { x: Some(7), y: Some(8) }" }
      Modified { entity: Entity { id: 2, generation: 0 }, type_name: "Position", diff_string: "PositionDiff { x: Some(8), y: Some(9) }" }
    WORLD_OPERATIONS: 0
  SYSTEM 1
    COMPONENT_CHANGES: 0
    WORLD_OPERATIONS: 0
  SYSTEM 2
    COMPONENT_CHANGES: 0
    WORLD_OPERATIONS: 0

UPDATE 258
SYSTEMS: 3
  SYSTEM 0
    COMPONENT_CHANGES: 3
      Modified { entity: Entity { id: 0, generation: 0 }, type_name: "Position", diff_string: "PositionDiff { x: Some(7), y: Some(8) }" }
      Modified { entity: Entity { id: 1, generation: 0 }, type_name: "Position", diff_string: "PositionDiff { x: Some(8), y: Some(9) }" }
      Modified { entity: Entity { id: 2, generation: 0 }, type_name: "Position", diff_string: "PositionDiff { x: Some(9), y: Some(0) }" }
    WORLD_OPERATIONS: 0
  SYSTEM 1
    COMPONENT_CHANGES: 0
    WORLD_OPERATIONS: 0
  SYSTEM 2
    COMPONENT_CHANGES: 0
    WORLD_OPERATIONS: 0

UPDATE 259
SYSTEMS: 3
  SYSTEM 0
    COMPONENT_CHANGES: 3
      Modified { entity: Entity { id: 0, generation: 0 }, type_name: "Position", diff_string: "PositionDiff { x: Some(8), y: Some(9) }" }
      Modified { entity: Entity { id: 1, generation: 0 }, type_name: "Position", diff_string: "PositionDiff { x: Some(9), y: Some(0) }" }
      Modified { entity: Entity { id: 2, generation: 0 }, type_name: "Position", diff_string: "PositionDiff { x: Some(0), y: Some(1) }" }
    WORLD_OPERATIONS: 0
  SYSTEM 1
    COMPONENT_CHANGES: 0
    WORLD_OPERATIONS: 0
  SYSTEM 2
    COMPONENT_CHANGES: 0
    WORLD_OPERATIONS: 0

UPDATE 260
SYSTEMS: 3
  SYSTEM 0
    COMPONENT_CHANGES: 3
      Modified { entity: Entity { id: 0, generation: 0 }, type_name: "Position", diff_string: "PositionDiff { x: Some(9), y: Some(0) }" }
      Modified { entity: Entity { id: 1, generation: 0 }, type_name: "Position", diff_string: "PositionDiff { x: Some(0), y: Some(1) }" }
      Modified { entity: Entity { id: 2, generation: 0 }, type_name: "Position", diff_string: "PositionDiff { x: Some(1), y: Some(2) }" }
    WORLD_OPERATIONS: 0
  SYSTEM 1
    COMPONENT_CHANGES: 0
    WORLD_OPERATIONS: 0
  SYSTEM 2
    COMPONENT_CHANGES: 0
    WORLD_OPERATIONS: 0

UPDATE 261
SYSTEMS: 3
  SYSTEM 0
    COMPONENT_CHANGES: 3
      Modified { entity: Entity { id: 0, generation: 0 }, type_name: "Position", diff_string: "PositionDiff { x: Some(0), y: Some(1) }" }
      Modified { entity: Entity { id: 1, generation: 0 }, type_name: "Position", diff_string: "PositionDiff { x: Some(1), y: Some(2) }" }
      Modified { entity: Entity { id: 2, generation: 0 }, type_name: "Position", diff_string: "PositionDiff { x: Some(2), y: Some(3) }" }
    WORLD_OPERATIONS: 0
  SYSTEM 1
    COMPONENT_CHANGES: 1
      Modified { entity: Entity { id: 0, generation: 0 }, type_name: "WaitTimer", diff_string: "WaitTimerDiff { ticks: Some(5) }" }
    WORLD_OPERATIONS: 0
  SYSTEM 2
    COMPONENT_CHANGES: 0
    WORLD_OPERATIONS: 0

UPDATE 262
SYSTEMS: 3
  SYSTEM 0
    COMPONENT_CHANGES: 3
      Modified { entity: Entity { id: 0, generation: 0 }, type_name: "Position", diff_string: "PositionDiff { x: Some(1), y: Some(2) }" }
      Modified { entity: Entity { id: 1, generation: 0 }, type_name: "Position", diff_string: "PositionDiff { x: Some(2), y: Some(3) }" }
      Modified { entity: Entity { id: 2, generation: 0 }, type_name: "Position", diff_string: "PositionDiff { x: Some(3), y: Some(4) }" }
    WORLD_OPERATIONS: 0
  SYSTEM 1
    COMPONENT_CHANGES: 0
    WORLD_OPERATIONS: 0
  SYSTEM 2
    COMPONENT_CHANGES: 0
    WORLD_OPERATIONS: 0

UPDATE 263
SYSTEMS: 3
  SYSTEM 0
    COMPONENT_CHANGES: 3
      Modified { entity: Entity { id: 0, generation: 0 }, type_name: "Position", diff_string: "PositionDiff { x: Some(2), y: Some(3) }" }
      Modified { entity: Entity { id: 1, generation: 0 }, type_name: "Position", diff_string: "PositionDiff { x: Some(3), y: Some(4) }" }
      Modified { entity: Entity { id: 2, generation: 0 }, type_name: "Position", diff_string: "PositionDiff { x: Some(4), y: Some(5) }" }
    WORLD_OPERATIONS: 0
  SYSTEM 1
    COMPONENT_CHANGES: 0
    WORLD_OPERATIONS: 0
  SYSTEM 2
    COMPONENT_CHANGES: 0
    WORLD_OPERATIONS: 0

UPDATE 264
SYSTEMS: 3
  SYSTEM 0
    COMPONENT_CHANGES: 3
      Modified { entity: Entity { id: 0, generation: 0 }, type_name: "Position", diff_string: "PositionDiff { x: Some(3), y: Some(4) }" }
      Modified { entity: Entity { id: 1, generation: 0 }, type_name: "Position", diff_string: "PositionDiff { x: Some(4), y: Some(5) }" }
      Modified { entity: Entity { id: 2, generation: 0 }, type_name: "Position", diff_string: "PositionDiff { x: Some(5), y: Some(6) }" }
    WORLD_OPERATIONS: 0
  SYSTEM 1
    COMPONENT_CHANGES: 0
    WORLD_OPERATIONS: 0
  SYSTEM 2
    COMPONENT_CHANGES: 0
    WORLD_OPERATIONS: 0

UPDATE 265
SYSTEMS: 3
  SYSTEM 0
    COMPONENT_CHANGES: 3
      Modified { entity: Entity { id: 0, generation: 0 }, type_name: "Position", diff_string: "PositionDiff { x: Some(4), y: Some(5) }" }
      Modified { entity: Entity { id: 1, generation: 0 }, type_name: "Position", diff_string: "PositionDiff { x: Some(5), y: Some(6) }" }
      Modified { entity: Entity { id: 2, generation: 0 }, type_name: "Position", diff_string: "PositionDiff { x: Some(6), y: Some(7) }" }
    WORLD_OPERATIONS: 0
  SYSTEM 1
    COMPONENT_CHANGES: 0
    WORLD_OPERATIONS: 0
  SYSTEM 2
    COMPONENT_CHANGES: 0
    WORLD_OPERATIONS: 0

UPDATE 266
SYSTEMS: 3
  SYSTEM 0
    COMPONENT_CHANGES: 3
      Modified { entity: Entity { id: 0, generation: 0 }, type_name: "Position", diff_string: "PositionDiff { x: Some(5), y: Some(6) }" }
      Modified { entity: Entity { id: 1, generation: 0 }, type_name: "Position", diff_string: "PositionDiff { x: Some(6), y: Some(7) }" }
      Modified { entity: Entity { id: 2, generation: 0 }, type_name: "Position", diff_string: "PositionDiff { x: Some(7), y: Some(8) }" }
    WORLD_OPERATIONS: 0
  SYSTEM 1
    COMPONENT_CHANGES: 0
    WORLD_OPERATIONS: 0
  SYSTEM 2
    COMPONENT_CHANGES: 0
    WORLD_OPERATIONS: 0

UPDATE 267
SYSTEMS: 3
  SYSTEM 0
    COMPONENT_CHANGES: 3
      Modified { entity: Entity { id: 0, generation: 0 }, type_name: "Position", diff_string: "PositionDiff { x: Some(6), y: Some(7) }" }
      Modified { entity: Entity { id: 1, generation: 0 }, type_name: "Position", diff_string: "PositionDiff { x: Some(7), y: Some(8) }" }
      Modified { entity: Entity { id: 2, generation: 0 }, type_name: "Position", diff_string: "PositionDiff { x: Some(8), y: Some(9) }" }
    WORLD_OPERATIONS: 0
  SYSTEM 1
    COMPONENT_CHANGES: 0
    WORLD_OPERATIONS: 0
  SYSTEM 2
    COMPONENT_CHANGES: 0
    WORLD_OPERATIONS: 0

UPDATE 268
SYSTEMS: 3
  SYSTEM 0
    COMPONENT_CHANGES: 3
      Modified { entity: Entity { id: 0, generation: 0 }, type_name: "Position", diff_string: "PositionDiff { x: Some(7), y: Some(8) }" }
      Modified { entity: Entity { id: 1, generation: 0 }, type_name: "Position", diff_string: "PositionDiff { x: Some(8), y: Some(9) }" }
      Modified { entity: Entity { id: 2, generation: 0 }, type_name: "Position", diff_string: "PositionDiff { x: Some(9), y: Some(0) }" }
    WORLD_OPERATIONS: 0
  SYSTEM 1
    COMPONENT_CHANGES: 0
    WORLD_OPERATIONS: 0
  SYSTEM 2
    COMPONENT_CHANGES: 0
    WORLD_OPERATIONS: 0

UPDATE 269
SYSTEMS: 3
  SYSTEM 0
    COMPONENT_CHANGES: 3
      Modified { entity: Entity { id: 0, generation: 0 }, type_name: "Position", diff_string: "PositionDiff { x: Some(8), y: Some(9) }" }
      Modified { entity: Entity { id: 1, generation: 0 }, type_name: "Position", diff_string: "PositionDiff { x: Some(9), y: Some(0) }" }
      Modified { entity: Entity { id: 2, generation: 0 }, type_name: "Position", diff_string: "PositionDiff { x: Some(0), y: Some(1) }" }
    WORLD_OPERATIONS: 0
  SYSTEM 1
    COMPONENT_CHANGES: 0
    WORLD_OPERATIONS: 0
  SYSTEM 2
    COMPONENT_CHANGES: 0
    WORLD_OPERATIONS: 0

UPDATE 270
SYSTEMS: 3
  SYSTEM 0
    COMPONENT_CHANGES: 3
      Modified { entity: Entity { id: 0, generation: 0 }, type_name: "Position", diff_string: "PositionDiff { x: Some(9), y: Some(0) }" }
      Modified { entity: Entity { id: 1, generation: 0 }, type_name: "Position", diff_string: "PositionDiff { x: Some(0), y: Some(1) }" }
      Modified { entity: Entity { id: 2, generation: 0 }, type_name: "Position", diff_string: "PositionDiff { x: Some(1), y: Some(2) }" }
    WORLD_OPERATIONS: 0
  SYSTEM 1
    COMPONENT_CHANGES: 0
    WORLD_OPERATIONS: 0
  SYSTEM 2
    COMPONENT_CHANGES: 0
    WORLD_OPERATIONS: 0

UPDATE 271
SYSTEMS: 3
  SYSTEM 0
    COMPONENT_CHANGES: 3
      Modified { entity: Entity { id: 0, generation: 0 }, type_name: "Position", diff_string: "PositionDiff { x: Some(0), y: Some(1) }" }
      Modified { entity: Entity { id: 1, generation: 0 }, type_name: "Position", diff_string: "PositionDiff { x: Some(1), y: Some(2) }" }
      Modified { entity: Entity { id: 2, generation: 0 }, type_name: "Position", diff_string: "PositionDiff { x: Some(2), y: Some(3) }" }
    WORLD_OPERATIONS: 0
  SYSTEM 1
    COMPONENT_CHANGES: 1
      Modified { entity: Entity { id: 0, generation: 0 }, type_name: "WaitTimer", diff_string: "WaitTimerDiff { ticks: Some(5) }" }
    WORLD_OPERATIONS: 0
  SYSTEM 2
    COMPONENT_CHANGES: 0
    WORLD_OPERATIONS: 0

UPDATE 272
SYSTEMS: 3
  SYSTEM 0
    COMPONENT_CHANGES: 3
      Modified { entity: Entity { id: 0, generation: 0 }, type_name: "Position", diff_string: "PositionDiff { x: Some(1), y: Some(2) }" }
      Modified { entity: Entity { id: 1, generation: 0 }, type_name: "Position", diff_string: "PositionDiff { x: Some(2), y: Some(3) }" }
      Modified { entity: Entity { id: 2, generation: 0 }, type_name: "Position", diff_string: "PositionDiff { x: Some(3), y: Some(4) }" }
    WORLD_OPERATIONS: 0
  SYSTEM 1
    COMPONENT_CHANGES: 0
    WORLD_OPERATIONS: 0
  SYSTEM 2
    COMPONENT_CHANGES: 0
    WORLD_OPERATIONS: 0

UPDATE 273
SYSTEMS: 3
  SYSTEM 0
    COMPONENT_CHANGES: 3
      Modified { entity: Entity { id: 0, generation: 0 }, type_name: "Position", diff_string: "PositionDiff { x: Some(2), y: Some(3) }" }
      Modified { entity: Entity { id: 1, generation: 0 }, type_name: "Position", diff_string: "PositionDiff { x: Some(3), y: Some(4) }" }
      Modified { entity: Entity { id: 2, generation: 0 }, type_name: "Position", diff_string: "PositionDiff { x: Some(4), y: Some(5) }" }
    WORLD_OPERATIONS: 0
  SYSTEM 1
    COMPONENT_CHANGES: 0
    WORLD_OPERATIONS: 0
  SYSTEM 2
    COMPONENT_CHANGES: 0
    WORLD_OPERATIONS: 0

UPDATE 274
SYSTEMS: 3
  SYSTEM 0
    COMPONENT_CHANGES: 3
      Modified { entity: Entity { id: 0, generation: 0 }, type_name: "Position", diff_string: "PositionDiff { x: Some(3), y: Some(4) }" }
      Modified { entity: Entity { id: 1, generation: 0 }, type_name: "Position", diff_string: "PositionDiff { x: Some(4), y: Some(5) }" }
      Modified { entity: Entity { id: 2, generation: 0 }, type_name: "Position", diff_string: "PositionDiff { x: Some(5), y: Some(6) }" }
    WORLD_OPERATIONS: 0
  SYSTEM 1
    COMPONENT_CHANGES: 0
    WORLD_OPERATIONS: 0
  SYSTEM 2
    COMPONENT_CHANGES: 0
    WORLD_OPERATIONS: 0

UPDATE 275
SYSTEMS: 3
  SYSTEM 0
    COMPONENT_CHANGES: 3
      Modified { entity: Entity { id: 0, generation: 0 }, type_name: "Position", diff_string: "PositionDiff { x: Some(4), y: Some(5) }" }
      Modified { entity: Entity { id: 1, generation: 0 }, type_name: "Position", diff_string: "PositionDiff { x: Some(5), y: Some(6) }" }
      Modified { entity: Entity { id: 2, generation: 0 }, type_name: "Position", diff_string: "PositionDiff { x: Some(6), y: Some(7) }" }
    WORLD_OPERATIONS: 0
  SYSTEM 1
    COMPONENT_CHANGES: 0
    WORLD_OPERATIONS: 0
  SYSTEM 2
    COMPONENT_CHANGES: 0
    WORLD_OPERATIONS: 0

UPDATE 276
SYSTEMS: 3
  SYSTEM 0
    COMPONENT_CHANGES: 3
      Modified { entity: Entity { id: 0, generation: 0 }, type_name: "Position", diff_string: "PositionDiff { x: Some(5), y: Some(6) }" }
      Modified { entity: Entity { id: 1, generation: 0 }, type_name: "Position", diff_string: "PositionDiff { x: Some(6), y: Some(7) }" }
      Modified { entity: Entity { id: 2, generation: 0 }, type_name: "Position", diff_string: "PositionDiff { x: Some(7), y: Some(8) }" }
    WORLD_OPERATIONS: 0
  SYSTEM 1
    COMPONENT_CHANGES: 0
    WORLD_OPERATIONS: 0
  SYSTEM 2
    COMPONENT_CHANGES: 0
    WORLD_OPERATIONS: 0

UPDATE 277
SYSTEMS: 3
  SYSTEM 0
    COMPONENT_CHANGES: 3
      Modified { entity: Entity { id: 0, generation: 0 }, type_name: "Position", diff_string: "PositionDiff { x: Some(6), y: Some(7) }" }
      Modified { entity: Entity { id: 1, generation: 0 }, type_name: "Position", diff_string: "PositionDiff { x: Some(7), y: Some(8) }" }
      Modified { entity: Entity { id: 2, generation: 0 }, type_name: "Position", diff_string: "PositionDiff { x: Some(8), y: Some(9) }" }
    WORLD_OPERATIONS: 0
  SYSTEM 1
    COMPONENT_CHANGES: 0
    WORLD_OPERATIONS: 0
  SYSTEM 2
    COMPONENT_CHANGES: 0
    WORLD_OPERATIONS: 0

UPDATE 278
SYSTEMS: 3
  SYSTEM 0
    COMPONENT_CHANGES: 3
      Modified { entity: Entity { id: 0, generation: 0 }, type_name: "Position", diff_string: "PositionDiff { x: Some(7), y: Some(8) }" }
      Modified { entity: Entity { id: 1, generation: 0 }, type_name: "Position", diff_string: "PositionDiff { x: Some(8), y: Some(9) }" }
      Modified { entity: Entity { id: 2, generation: 0 }, type_name: "Position", diff_string: "PositionDiff { x: Some(9), y: Some(0) }" }
    WORLD_OPERATIONS: 0
  SYSTEM 1
    COMPONENT_CHANGES: 0
    WORLD_OPERATIONS: 0
  SYSTEM 2
    COMPONENT_CHANGES: 0
    WORLD_OPERATIONS: 0

UPDATE 279
SYSTEMS: 3
  SYSTEM 0
    COMPONENT_CHANGES: 3
      Modified { entity: Entity { id: 0, generation: 0 }, type_name: "Position", diff_string: "PositionDiff { x: Some(8), y: Some(9) }" }
      Modified { entity: Entity { id: 1, generation: 0 }, type_name: "Position", diff_string: "PositionDiff { x: Some(9), y: Some(0) }" }
      Modified { entity: Entity { id: 2, generation: 0 }, type_name: "Position", diff_string: "PositionDiff { x: Some(0), y: Some(1) }" }
    WORLD_OPERATIONS: 0
  SYSTEM 1
    COMPONENT_CHANGES: 0
    WORLD_OPERATIONS: 0
  SYSTEM 2
    COMPONENT_CHANGES: 0
    WORLD_OPERATIONS: 0

UPDATE 280
SYSTEMS: 3
  SYSTEM 0
    COMPONENT_CHANGES: 3
      Modified { entity: Entity { id: 0, generation: 0 }, type_name: "Position", diff_string: "PositionDiff { x: Some(9), y: Some(0) }" }
      Modified { entity: Entity { id: 1, generation: 0 }, type_name: "Position", diff_string: "PositionDiff { x: Some(0), y: Some(1) }" }
      Modified { entity: Entity { id: 2, generation: 0 }, type_name: "Position", diff_string: "PositionDiff { x: Some(1), y: Some(2) }" }
    WORLD_OPERATIONS: 0
  SYSTEM 1
    COMPONENT_CHANGES: 0
    WORLD_OPERATIONS: 0
  SYSTEM 2
    COMPONENT_CHANGES: 0
    WORLD_OPERATIONS: 0

UPDATE 281
SYSTEMS: 3
  SYSTEM 0
    COMPONENT_CHANGES: 3
      Modified { entity: Entity { id: 0, generation: 0 }, type_name: "Position", diff_string: "PositionDiff { x: Some(0), y: Some(1) }" }
      Modified { entity: Entity { id: 1, generation: 0 }, type_name: "Position", diff_string: "PositionDiff { x: Some(1), y: Some(2) }" }
      Modified { entity: Entity { id: 2, generation: 0 }, type_name: "Position", diff_string: "PositionDiff { x: Some(2), y: Some(3) }" }
    WORLD_OPERATIONS: 0
  SYSTEM 1
    COMPONENT_CHANGES: 1
      Modified { entity: Entity { id: 0, generation: 0 }, type_name: "WaitTimer", diff_string: "WaitTimerDiff { ticks: Some(5) }" }
    WORLD_OPERATIONS: 0
  SYSTEM 2
    COMPONENT_CHANGES: 0
    WORLD_OPERATIONS: 0

UPDATE 282
SYSTEMS: 3
  SYSTEM 0
    COMPONENT_CHANGES: 3
      Modified { entity: Entity { id: 0, generation: 0 }, type_name: "Position", diff_string: "PositionDiff { x: Some(1), y: Some(2) }" }
      Modified { entity: Entity { id: 1, generation: 0 }, type_name: "Position", diff_string: "PositionDiff { x: Some(2), y: Some(3) }" }
      Modified { entity: Entity { id: 2, generation: 0 }, type_name: "Position", diff_string: "PositionDiff { x: Some(3), y: Some(4) }" }
    WORLD_OPERATIONS: 0
  SYSTEM 1
    COMPONENT_CHANGES: 0
    WORLD_OPERATIONS: 0
  SYSTEM 2
    COMPONENT_CHANGES: 0
    WORLD_OPERATIONS: 0

UPDATE 283
SYSTEMS: 3
  SYSTEM 0
    COMPONENT_CHANGES: 3
      Modified { entity: Entity { id: 0, generation: 0 }, type_name: "Position", diff_string: "PositionDiff { x: Some(2), y: Some(3) }" }
      Modified { entity: Entity { id: 1, generation: 0 }, type_name: "Position", diff_string: "PositionDiff { x: Some(3), y: Some(4) }" }
      Modified { entity: Entity { id: 2, generation: 0 }, type_name: "Position", diff_string: "PositionDiff { x: Some(4), y: Some(5) }" }
    WORLD_OPERATIONS: 0
  SYSTEM 1
    COMPONENT_CHANGES: 0
    WORLD_OPERATIONS: 0
  SYSTEM 2
    COMPONENT_CHANGES: 0
    WORLD_OPERATIONS: 0

UPDATE 284
SYSTEMS: 3
  SYSTEM 0
    COMPONENT_CHANGES: 3
      Modified { entity: Entity { id: 0, generation: 0 }, type_name: "Position", diff_string: "PositionDiff { x: Some(3), y: Some(4) }" }
      Modified { entity: Entity { id: 1, generation: 0 }, type_name: "Position", diff_string: "PositionDiff { x: Some(4), y: Some(5) }" }
      Modified { entity: Entity { id: 2, generation: 0 }, type_name: "Position", diff_string: "PositionDiff { x: Some(5), y: Some(6) }" }
    WORLD_OPERATIONS: 0
  SYSTEM 1
    COMPONENT_CHANGES: 0
    WORLD_OPERATIONS: 0
  SYSTEM 2
    COMPONENT_CHANGES: 0
    WORLD_OPERATIONS: 0

UPDATE 285
SYSTEMS: 3
  SYSTEM 0
    COMPONENT_CHANGES: 3
      Modified { entity: Entity { id: 0, generation: 0 }, type_name: "Position", diff_string: "PositionDiff { x: Some(4), y: Some(5) }" }
      Modified { entity: Entity { id: 1, generation: 0 }, type_name: "Position", diff_string: "PositionDiff { x: Some(5), y: Some(6) }" }
      Modified { entity: Entity { id: 2, generation: 0 }, type_name: "Position", diff_string: "PositionDiff { x: Some(6), y: Some(7) }" }
    WORLD_OPERATIONS: 0
  SYSTEM 1
    COMPONENT_CHANGES: 0
    WORLD_OPERATIONS: 0
  SYSTEM 2
    COMPONENT_CHANGES: 0
    WORLD_OPERATIONS: 0

UPDATE 286
SYSTEMS: 3
  SYSTEM 0
    COMPONENT_CHANGES: 3
      Modified { entity: Entity { id: 0, generation: 0 }, type_name: "Position", diff_string: "PositionDiff { x: Some(5), y: Some(6) }" }
      Modified { entity: Entity { id: 1, generation: 0 }, type_name: "Position", diff_string: "PositionDiff { x: Some(6), y: Some(7) }" }
      Modified { entity: Entity { id: 2, generation: 0 }, type_name: "Position", diff_string: "PositionDiff { x: Some(7), y: Some(8) }" }
    WORLD_OPERATIONS: 0
  SYSTEM 1
    COMPONENT_CHANGES: 0
    WORLD_OPERATIONS: 0
  SYSTEM 2
    COMPONENT_CHANGES: 0
    WORLD_OPERATIONS: 0

UPDATE 287
SYSTEMS: 3
  SYSTEM 0
    COMPONENT_CHANGES: 3
      Modified { entity: Entity { id: 0, generation: 0 }, type_name: "Position", diff_string: "PositionDiff { x: Some(6), y: Some(7) }" }
      Modified { entity: Entity { id: 1, generation: 0 }, type_name: "Position", diff_string: "PositionDiff { x: Some(7), y: Some(8) }" }
      Modified { entity: Entity { id: 2, generation: 0 }, type_name: "Position", diff_string: "PositionDiff { x: Some(8), y: Some(9) }" }
    WORLD_OPERATIONS: 0
  SYSTEM 1
    COMPONENT_CHANGES: 0
    WORLD_OPERATIONS: 0
  SYSTEM 2
    COMPONENT_CHANGES: 0
    WORLD_OPERATIONS: 0

UPDATE 288
SYSTEMS: 3
  SYSTEM 0
    COMPONENT_CHANGES: 3
      Modified { entity: Entity { id: 0, generation: 0 }, type_name: "Position", diff_string: "PositionDiff { x: Some(7), y: Some(8) }" }
      Modified { entity: Entity { id: 1, generation: 0 }, type_name: "Position", diff_string: "PositionDiff { x: Some(8), y: Some(9) }" }
      Modified { entity: Entity { id: 2, generation: 0 }, type_name: "Position", diff_string: "PositionDiff { x: Some(9), y: Some(0) }" }
    WORLD_OPERATIONS: 0
  SYSTEM 1
    COMPONENT_CHANGES: 0
    WORLD_OPERATIONS: 0
  SYSTEM 2
    COMPONENT_CHANGES: 0
    WORLD_OPERATIONS: 0

UPDATE 289
SYSTEMS: 3
  SYSTEM 0
    COMPONENT_CHANGES: 3
      Modified { entity: Entity { id: 0, generation: 0 }, type_name: "Position", diff_string: "PositionDiff { x: Some(8), y: Some(9) }" }
      Modified { entity: Entity { id: 1, generation: 0 }, type_name: "Position", diff_string: "PositionDiff { x: Some(9), y: Some(0) }" }
      Modified { entity: Entity { id: 2, generation: 0 }, type_name: "Position", diff_string: "PositionDiff { x: Some(0), y: Some(1) }" }
    WORLD_OPERATIONS: 0
  SYSTEM 1
    COMPONENT_CHANGES: 0
    WORLD_OPERATIONS: 0
  SYSTEM 2
    COMPONENT_CHANGES: 0
    WORLD_OPERATIONS: 0

UPDATE 290
SYSTEMS: 3
  SYSTEM 0
    COMPONENT_CHANGES: 3
      Modified { entity: Entity { id: 0, generation: 0 }, type_name: "Position", diff_string: "PositionDiff { x: Some(9), y: Some(0) }" }
      Modified { entity: Entity { id: 1, generation: 0 }, type_name: "Position", diff_string: "PositionDiff { x: Some(0), y: Some(1) }" }
      Modified { entity: Entity { id: 2, generation: 0 }, type_name: "Position", diff_string: "PositionDiff { x: Some(1), y: Some(2) }" }
    WORLD_OPERATIONS: 0
  SYSTEM 1
    COMPONENT_CHANGES: 0
    WORLD_OPERATIONS: 0
  SYSTEM 2
    COMPONENT_CHANGES: 0
    WORLD_OPERATIONS: 0

UPDATE 291
SYSTEMS: 3
  SYSTEM 0
    COMPONENT_CHANGES: 3
      Modified { entity: Entity { id: 0, generation: 0 }, type_name: "Position", diff_string: "PositionDiff { x: Some(0), y: Some(1) }" }
      Modified { entity: Entity { id: 1, generation: 0 }, type_name: "Position", diff_string: "PositionDiff { x: Some(1), y: Some(2) }" }
      Modified { entity: Entity { id: 2, generation: 0 }, type_name: "Position", diff_string: "PositionDiff { x: Some(2), y: Some(3) }" }
    WORLD_OPERATIONS: 0
  SYSTEM 1
    COMPONENT_CHANGES: 1
      Modified { entity: Entity { id: 0, generation: 0 }, type_name: "WaitTimer", diff_string: "WaitTimerDiff { ticks: Some(5) }" }
    WORLD_OPERATIONS: 0
  SYSTEM 2
    COMPONENT_CHANGES: 0
    WORLD_OPERATIONS: 0

UPDATE 292
SYSTEMS: 3
  SYSTEM 0
    COMPONENT_CHANGES: 3
      Modified { entity: Entity { id: 0, generation: 0 }, type_name: "Position", diff_string: "PositionDiff { x: Some(1), y: Some(2) }" }
      Modified { entity: Entity { id: 1, generation: 0 }, type_name: "Position", diff_string: "PositionDiff { x: Some(2), y: Some(3) }" }
      Modified { entity: Entity { id: 2, generation: 0 }, type_name: "Position", diff_string: "PositionDiff { x: Some(3), y: Some(4) }" }
    WORLD_OPERATIONS: 0
  SYSTEM 1
    COMPONENT_CHANGES: 0
    WORLD_OPERATIONS: 0
  SYSTEM 2
    COMPONENT_CHANGES: 0
    WORLD_OPERATIONS: 0

UPDATE 293
SYSTEMS: 3
  SYSTEM 0
    COMPONENT_CHANGES: 3
      Modified { entity: Entity { id: 0, generation: 0 }, type_name: "Position", diff_string: "PositionDiff { x: Some(2), y: Some(3) }" }
      Modified { entity: Entity { id: 1, generation: 0 }, type_name: "Position", diff_string: "PositionDiff { x: Some(3), y: Some(4) }" }
      Modified { entity: Entity { id: 2, generation: 0 }, type_name: "Position", diff_string: "PositionDiff { x: Some(4), y: Some(5) }" }
    WORLD_OPERATIONS: 0
  SYSTEM 1
    COMPONENT_CHANGES: 0
    WORLD_OPERATIONS: 0
  SYSTEM 2
    COMPONENT_CHANGES: 0
    WORLD_OPERATIONS: 0

UPDATE 294
SYSTEMS: 3
  SYSTEM 0
    COMPONENT_CHANGES: 3
      Modified { entity: Entity { id: 0, generation: 0 }, type_name: "Position", diff_string: "PositionDiff { x: Some(3), y: Some(4) }" }
      Modified { entity: Entity { id: 1, generation: 0 }, type_name: "Position", diff_string: "PositionDiff { x: Some(4), y: Some(5) }" }
      Modified { entity: Entity { id: 2, generation: 0 }, type_name: "Position", diff_string: "PositionDiff { x: Some(5), y: Some(6) }" }
    WORLD_OPERATIONS: 0
  SYSTEM 1
    COMPONENT_CHANGES: 0
    WORLD_OPERATIONS: 0
  SYSTEM 2
    COMPONENT_CHANGES: 0
    WORLD_OPERATIONS: 0

UPDATE 295
SYSTEMS: 3
  SYSTEM 0
    COMPONENT_CHANGES: 3
      Modified { entity: Entity { id: 0, generation: 0 }, type_name: "Position", diff_string: "PositionDiff { x: Some(4), y: Some(5) }" }
      Modified { entity: Entity { id: 1, generation: 0 }, type_name: "Position", diff_string: "PositionDiff { x: Some(5), y: Some(6) }" }
      Modified { entity: Entity { id: 2, generation: 0 }, type_name: "Position", diff_string: "PositionDiff { x: Some(6), y: Some(7) }" }
    WORLD_OPERATIONS: 0
  SYSTEM 1
    COMPONENT_CHANGES: 0
    WORLD_OPERATIONS: 0
  SYSTEM 2
    COMPONENT_CHANGES: 0
    WORLD_OPERATIONS: 0

UPDATE 296
SYSTEMS: 3
  SYSTEM 0
    COMPONENT_CHANGES: 3
      Modified { entity: Entity { id: 0, generation: 0 }, type_name: "Position", diff_string: "PositionDiff { x: Some(5), y: Some(6) }" }
      Modified { entity: Entity { id: 1, generation: 0 }, type_name: "Position", diff_string: "PositionDiff { x: Some(6), y: Some(7) }" }
      Modified { entity: Entity { id: 2, generation: 0 }, type_name: "Position", diff_string: "PositionDiff { x: Some(7), y: Some(8) }" }
    WORLD_OPERATIONS: 0
  SYSTEM 1
    COMPONENT_CHANGES: 0
    WORLD_OPERATIONS: 0
  SYSTEM 2
    COMPONENT_CHANGES: 0
    WORLD_OPERATIONS: 0

UPDATE 297
SYSTEMS: 3
  SYSTEM 0
    COMPONENT_CHANGES: 3
      Modified { entity: Entity { id: 0, generation: 0 }, type_name: "Position", diff_string: "PositionDiff { x: Some(6), y: Some(7) }" }
      Modified { entity: Entity { id: 1, generation: 0 }, type_name: "Position", diff_string: "PositionDiff { x: Some(7), y: Some(8) }" }
      Modified { entity: Entity { id: 2, generation: 0 }, type_name: "Position", diff_string: "PositionDiff { x: Some(8), y: Some(9) }" }
    WORLD_OPERATIONS: 0
  SYSTEM 1
    COMPONENT_CHANGES: 0
    WORLD_OPERATIONS: 0
  SYSTEM 2
    COMPONENT_CHANGES: 0
    WORLD_OPERATIONS: 0

UPDATE 298
SYSTEMS: 3
  SYSTEM 0
    COMPONENT_CHANGES: 3
      Modified { entity: Entity { id: 0, generation: 0 }, type_name: "Position", diff_string: "PositionDiff { x: Some(7), y: Some(8) }" }
      Modified { entity: Entity { id: 1, generation: 0 }, type_name: "Position", diff_string: "PositionDiff { x: Some(8), y: Some(9) }" }
      Modified { entity: Entity { id: 2, generation: 0 }, type_name: "Position", diff_string: "PositionDiff { x: Some(9), y: Some(0) }" }
    WORLD_OPERATIONS: 0
  SYSTEM 1
    COMPONENT_CHANGES: 0
    WORLD_OPERATIONS: 0
  SYSTEM 2
    COMPONENT_CHANGES: 0
    WORLD_OPERATIONS: 0

UPDATE 299
SYSTEMS: 3
  SYSTEM 0
    COMPONENT_CHANGES: 3
      Modified { entity: Entity { id: 0, generation: 0 }, type_name: "Position", diff_string: "PositionDiff { x: Some(8), y: Some(9) }" }
      Modified { entity: Entity { id: 1, generation: 0 }, type_name: "Position", diff_string: "PositionDiff { x: Some(9), y: Some(0) }" }
      Modified { entity: Entity { id: 2, generation: 0 }, type_name: "Position", diff_string: "PositionDiff { x: Some(0), y: Some(1) }" }
    WORLD_OPERATIONS: 0
  SYSTEM 1
    COMPONENT_CHANGES: 0
    WORLD_OPERATIONS: 0
  SYSTEM 2
    COMPONENT_CHANGES: 0
    WORLD_OPERATIONS: 0

UPDATE 300
SYSTEMS: 3
  SYSTEM 0
    COMPONENT_CHANGES: 3
      Modified { entity: Entity { id: 0, generation: 0 }, type_name: "Position", diff_string: "PositionDiff { x: Some(9), y: Some(0) }" }
      Modified { entity: Entity { id: 1, generation: 0 }, type_name: "Position", diff_string: "PositionDiff { x: Some(0), y: Some(1) }" }
      Modified { entity: Entity { id: 2, generation: 0 }, type_name: "Position", diff_string: "PositionDiff { x: Some(1), y: Some(2) }" }
    WORLD_OPERATIONS: 0
  SYSTEM 1
    COMPONENT_CHANGES: 0
    WORLD_OPERATIONS: 0
  SYSTEM 2
    COMPONENT_CHANGES: 0
    WORLD_OPERATIONS: 0

UPDATE 301
SYSTEMS: 3
  SYSTEM 0
    COMPONENT_CHANGES: 3
      Modified { entity: Entity { id: 0, generation: 0 }, type_name: "Position", diff_string: "PositionDiff { x: Some(0), y: Some(1) }" }
      Modified { entity: Entity { id: 1, generation: 0 }, type_name: "Position", diff_string: "PositionDiff { x: Some(1), y: Some(2) }" }
      Modified { entity: Entity { id: 2, generation: 0 }, type_name: "Position", diff_string: "PositionDiff { x: Some(2), y: Some(3) }" }
    WORLD_OPERATIONS: 0
  SYSTEM 1
    COMPONENT_CHANGES: 1
      Modified { entity: Entity { id: 0, generation: 0 }, type_name: "WaitTimer", diff_string: "WaitTimerDiff { ticks: Some(5) }" }
    WORLD_OPERATIONS: 0
  SYSTEM 2
    COMPONENT_CHANGES: 0
    WORLD_OPERATIONS: 0

UPDATE 302
SYSTEMS: 3
  SYSTEM 0
    COMPONENT_CHANGES: 3
      Modified { entity: Entity { id: 0, generation: 0 }, type_name: "Position", diff_string: "PositionDiff { x: Some(1), y: Some(2) }" }
      Modified { entity: Entity { id: 1, generation: 0 }, type_name: "Position", diff_string: "PositionDiff { x: Some(2), y: Some(3) }" }
      Modified { entity: Entity { id: 2, generation: 0 }, type_name: "Position", diff_string: "PositionDiff { x: Some(3), y: Some(4) }" }
    WORLD_OPERATIONS: 0
  SYSTEM 1
    COMPONENT_CHANGES: 0
    WORLD_OPERATIONS: 0
  SYSTEM 2
    COMPONENT_CHANGES: 0
    WORLD_OPERATIONS: 0

UPDATE 303
SYSTEMS: 3
  SYSTEM 0
    COMPONENT_CHANGES: 3
      Modified { entity: Entity { id: 0, generation: 0 }, type_name: "Position", diff_string: "PositionDiff { x: Some(2), y: Some(3) }" }
      Modified { entity: Entity { id: 1, generation: 0 }, type_name: "Position", diff_string: "PositionDiff { x: Some(3), y: Some(4) }" }
      Modified { entity: Entity { id: 2, generation: 0 }, type_name: "Position", diff_string: "PositionDiff { x: Some(4), y: Some(5) }" }
    WORLD_OPERATIONS: 0
  SYSTEM 1
    COMPONENT_CHANGES: 0
    WORLD_OPERATIONS: 0
  SYSTEM 2
    COMPONENT_CHANGES: 0
    WORLD_OPERATIONS: 0

UPDATE 304
SYSTEMS: 3
  SYSTEM 0
    COMPONENT_CHANGES: 3
      Modified { entity: Entity { id: 0, generation: 0 }, type_name: "Position", diff_string: "PositionDiff { x: Some(3), y: Some(4) }" }
      Modified { entity: Entity { id: 1, generation: 0 }, type_name: "Position", diff_string: "PositionDiff { x: Some(4), y: Some(5) }" }
      Modified { entity: Entity { id: 2, generation: 0 }, type_name: "Position", diff_string: "PositionDiff { x: Some(5), y: Some(6) }" }
    WORLD_OPERATIONS: 0
  SYSTEM 1
    COMPONENT_CHANGES: 0
    WORLD_OPERATIONS: 0
  SYSTEM 2
    COMPONENT_CHANGES: 0
    WORLD_OPERATIONS: 0

UPDATE 305
SYSTEMS: 3
  SYSTEM 0
    COMPONENT_CHANGES: 3
      Modified { entity: Entity { id: 0, generation: 0 }, type_name: "Position", diff_string: "PositionDiff { x: Some(4), y: Some(5) }" }
      Modified { entity: Entity { id: 1, generation: 0 }, type_name: "Position", diff_string: "PositionDiff { x: Some(5), y: Some(6) }" }
      Modified { entity: Entity { id: 2, generation: 0 }, type_name: "Position", diff_string: "PositionDiff { x: Some(6), y: Some(7) }" }
    WORLD_OPERATIONS: 0
  SYSTEM 1
    COMPONENT_CHANGES: 0
    WORLD_OPERATIONS: 0
  SYSTEM 2
    COMPONENT_CHANGES: 0
    WORLD_OPERATIONS: 0

UPDATE 306
SYSTEMS: 3
  SYSTEM 0
    COMPONENT_CHANGES: 3
      Modified { entity: Entity { id: 0, generation: 0 }, type_name: "Position", diff_string: "PositionDiff { x: Some(5), y: Some(6) }" }
      Modified { entity: Entity { id: 1, generation: 0 }, type_name: "Position", diff_string: "PositionDiff { x: Some(6), y: Some(7) }" }
      Modified { entity: Entity { id: 2, generation: 0 }, type_name: "Position", diff_string: "PositionDiff { x: Some(7), y: Some(8) }" }
    WORLD_OPERATIONS: 0
  SYSTEM 1
    COMPONENT_CHANGES: 0
    WORLD_OPERATIONS: 0
  SYSTEM 2
    COMPONENT_CHANGES: 0
    WORLD_OPERATIONS: 0

UPDATE 307
SYSTEMS: 3
  SYSTEM 0
    COMPONENT_CHANGES: 3
      Modified { entity: Entity { id: 0, generation: 0 }, type_name: "Position", diff_string: "PositionDiff { x: Some(6), y: Some(7) }" }
      Modified { entity: Entity { id: 1, generation: 0 }, type_name: "Position", diff_string: "PositionDiff { x: Some(7), y: Some(8) }" }
      Modified { entity: Entity { id: 2, generation: 0 }, type_name: "Position", diff_string: "PositionDiff { x: Some(8), y: Some(9) }" }
    WORLD_OPERATIONS: 0
  SYSTEM 1
    COMPONENT_CHANGES: 0
    WORLD_OPERATIONS: 0
  SYSTEM 2
    COMPONENT_CHANGES: 0
    WORLD_OPERATIONS: 0

UPDATE 308
SYSTEMS: 3
  SYSTEM 0
    COMPONENT_CHANGES: 3
      Modified { entity: Entity { id: 0, generation: 0 }, type_name: "Position", diff_string: "PositionDiff { x: Some(7), y: Some(8) }" }
      Modified { entity: Entity { id: 1, generation: 0 }, type_name: "Position", diff_string: "PositionDiff { x: Some(8), y: Some(9) }" }
      Modified { entity: Entity { id: 2, generation: 0 }, type_name: "Position", diff_string: "PositionDiff { x: Some(9), y: Some(0) }" }
    WORLD_OPERATIONS: 0
  SYSTEM 1
    COMPONENT_CHANGES: 0
    WORLD_OPERATIONS: 0
  SYSTEM 2
    COMPONENT_CHANGES: 0
    WORLD_OPERATIONS: 0

UPDATE 309
SYSTEMS: 3
  SYSTEM 0
    COMPONENT_CHANGES: 3
      Modified { entity: Entity { id: 0, generation: 0 }, type_name: "Position", diff_string: "PositionDiff { x: Some(8), y: Some(9) }" }
      Modified { entity: Entity { id: 1, generation: 0 }, type_name: "Position", diff_string: "PositionDiff { x: Some(9), y: Some(0) }" }
      Modified { entity: Entity { id: 2, generation: 0 }, type_name: "Position", diff_string: "PositionDiff { x: Some(0), y: Some(1) }" }
    WORLD_OPERATIONS: 0
  SYSTEM 1
    COMPONENT_CHANGES: 0
    WORLD_OPERATIONS: 0
  SYSTEM 2
    COMPONENT_CHANGES: 0
    WORLD_OPERATIONS: 0

UPDATE 310
SYSTEMS: 3
  SYSTEM 0
    COMPONENT_CHANGES: 3
      Modified { entity: Entity { id: 0, generation: 0 }, type_name: "Position", diff_string: "PositionDiff { x: Some(9), y: Some(0) }" }
      Modified { entity: Entity { id: 1, generation: 0 }, type_name: "Position", diff_string: "PositionDiff { x: Some(0), y: Some(1) }" }
      Modified { entity: Entity { id: 2, generation: 0 }, type_name: "Position", diff_string: "PositionDiff { x: Some(1), y: Some(2) }" }
    WORLD_OPERATIONS: 0
  SYSTEM 1
    COMPONENT_CHANGES: 0
    WORLD_OPERATIONS: 0
  SYSTEM 2
    COMPONENT_CHANGES: 0
    WORLD_OPERATIONS: 0

UPDATE 311
SYSTEMS: 3
  SYSTEM 0
    COMPONENT_CHANGES: 3
      Modified { entity: Entity { id: 0, generation: 0 }, type_name: "Position", diff_string: "PositionDiff { x: Some(0), y: Some(1) }" }
      Modified { entity: Entity { id: 1, generation: 0 }, type_name: "Position", diff_string: "PositionDiff { x: Some(1), y: Some(2) }" }
      Modified { entity: Entity { id: 2, generation: 0 }, type_name: "Position", diff_string: "PositionDiff { x: Some(2), y: Some(3) }" }
    WORLD_OPERATIONS: 0
  SYSTEM 1
    COMPONENT_CHANGES: 1
      Modified { entity: Entity { id: 0, generation: 0 }, type_name: "WaitTimer", diff_string: "WaitTimerDiff { ticks: Some(5) }" }
    WORLD_OPERATIONS: 0
  SYSTEM 2
    COMPONENT_CHANGES: 0
    WORLD_OPERATIONS: 0

UPDATE 312
SYSTEMS: 3
  SYSTEM 0
    COMPONENT_CHANGES: 3
      Modified { entity: Entity { id: 0, generation: 0 }, type_name: "Position", diff_string: "PositionDiff { x: Some(1), y: Some(2) }" }
      Modified { entity: Entity { id: 1, generation: 0 }, type_name: "Position", diff_string: "PositionDiff { x: Some(2), y: Some(3) }" }
      Modified { entity: Entity { id: 2, generation: 0 }, type_name: "Position", diff_string: "PositionDiff { x: Some(3), y: Some(4) }" }
    WORLD_OPERATIONS: 0
  SYSTEM 1
    COMPONENT_CHANGES: 0
    WORLD_OPERATIONS: 0
  SYSTEM 2
    COMPONENT_CHANGES: 0
    WORLD_OPERATIONS: 0

UPDATE 313
SYSTEMS: 3
  SYSTEM 0
    COMPONENT_CHANGES: 3
      Modified { entity: Entity { id: 0, generation: 0 }, type_name: "Position", diff_string: "PositionDiff { x: Some(2), y: Some(3) }" }
      Modified { entity: Entity { id: 1, generation: 0 }, type_name: "Position", diff_string: "PositionDiff { x: Some(3), y: Some(4) }" }
      Modified { entity: Entity { id: 2, generation: 0 }, type_name: "Position", diff_string: "PositionDiff { x: Some(4), y: Some(5) }" }
    WORLD_OPERATIONS: 0
  SYSTEM 1
    COMPONENT_CHANGES: 0
    WORLD_OPERATIONS: 0
  SYSTEM 2
    COMPONENT_CHANGES: 0
    WORLD_OPERATIONS: 0

UPDATE 314
SYSTEMS: 3
  SYSTEM 0
    COMPONENT_CHANGES: 3
      Modified { entity: Entity { id: 0, generation: 0 }, type_name: "Position", diff_string: "PositionDiff { x: Some(3), y: Some(4) }" }
      Modified { entity: Entity { id: 1, generation: 0 }, type_name: "Position", diff_string: "PositionDiff { x: Some(4), y: Some(5) }" }
      Modified { entity: Entity { id: 2, generation: 0 }, type_name: "Position", diff_string: "PositionDiff { x: Some(5), y: Some(6) }" }
    WORLD_OPERATIONS: 0
  SYSTEM 1
    COMPONENT_CHANGES: 0
    WORLD_OPERATIONS: 0
  SYSTEM 2
    COMPONENT_CHANGES: 0
    WORLD_OPERATIONS: 0

UPDATE 315
SYSTEMS: 3
  SYSTEM 0
    COMPONENT_CHANGES: 3
      Modified { entity: Entity { id: 0, generation: 0 }, type_name: "Position", diff_string: "PositionDiff { x: Some(4), y: Some(5) }" }
      Modified { entity: Entity { id: 1, generation: 0 }, type_name: "Position", diff_string: "PositionDiff { x: Some(5), y: Some(6) }" }
      Modified { entity: Entity { id: 2, generation: 0 }, type_name: "Position", diff_string: "PositionDiff { x: Some(6), y: Some(7) }" }
    WORLD_OPERATIONS: 0
  SYSTEM 1
    COMPONENT_CHANGES: 0
    WORLD_OPERATIONS: 0
  SYSTEM 2
    COMPONENT_CHANGES: 0
    WORLD_OPERATIONS: 0

UPDATE 316
SYSTEMS: 3
  SYSTEM 0
    COMPONENT_CHANGES: 3
      Modified { entity: Entity { id: 0, generation: 0 }, type_name: "Position", diff_string: "PositionDiff { x: Some(5), y: Some(6) }" }
      Modified { entity: Entity { id: 1, generation: 0 }, type_name: "Position", diff_string: "PositionDiff { x: Some(6), y: Some(7) }" }
      Modified { entity: Entity { id: 2, generation: 0 }, type_name: "Position", diff_string: "PositionDiff { x: Some(7), y: Some(8) }" }
    WORLD_OPERATIONS: 0
  SYSTEM 1
    COMPONENT_CHANGES: 0
    WORLD_OPERATIONS: 0
  SYSTEM 2
    COMPONENT_CHANGES: 0
    WORLD_OPERATIONS: 0

UPDATE 317
SYSTEMS: 3
  SYSTEM 0
    COMPONENT_CHANGES: 3
      Modified { entity: Entity { id: 0, generation: 0 }, type_name: "Position", diff_string: "PositionDiff { x: Some(6), y: Some(7) }" }
      Modified { entity: Entity { id: 1, generation: 0 }, type_name: "Position", diff_string: "PositionDiff { x: Some(7), y: Some(8) }" }
      Modified { entity: Entity { id: 2, generation: 0 }, type_name: "Position", diff_string: "PositionDiff { x: Some(8), y: Some(9) }" }
    WORLD_OPERATIONS: 0
  SYSTEM 1
    COMPONENT_CHANGES: 0
    WORLD_OPERATIONS: 0
  SYSTEM 2
    COMPONENT_CHANGES: 0
    WORLD_OPERATIONS: 0

UPDATE 318
SYSTEMS: 3
  SYSTEM 0
    COMPONENT_CHANGES: 3
      Modified { entity: Entity { id: 0, generation: 0 }, type_name: "Position", diff_string: "PositionDiff { x: Some(7), y: Some(8) }" }
      Modified { entity: Entity { id: 1, generation: 0 }, type_name: "Position", diff_string: "PositionDiff { x: Some(8), y: Some(9) }" }
      Modified { entity: Entity { id: 2, generation: 0 }, type_name: "Position", diff_string: "PositionDiff { x: Some(9), y: Some(0) }" }
    WORLD_OPERATIONS: 0
  SYSTEM 1
    COMPONENT_CHANGES: 0
    WORLD_OPERATIONS: 0
  SYSTEM 2
    COMPONENT_CHANGES: 0
    WORLD_OPERATIONS: 0

UPDATE 319
SYSTEMS: 3
  SYSTEM 0
    COMPONENT_CHANGES: 3
      Modified { entity: Entity { id: 0, generation: 0 }, type_name: "Position", diff_string: "PositionDiff { x: Some(8), y: Some(9) }" }
      Modified { entity: Entity { id: 1, generation: 0 }, type_name: "Position", diff_string: "PositionDiff { x: Some(9), y: Some(0) }" }
      Modified { entity: Entity { id: 2, generation: 0 }, type_name: "Position", diff_string: "PositionDiff { x: Some(0), y: Some(1) }" }
    WORLD_OPERATIONS: 0
  SYSTEM 1
    COMPONENT_CHANGES: 0
    WORLD_OPERATIONS: 0
  SYSTEM 2
    COMPONENT_CHANGES: 0
    WORLD_OPERATIONS: 0

UPDATE 320
SYSTEMS: 3
  SYSTEM 0
    COMPONENT_CHANGES: 3
      Modified { entity: Entity { id: 0, generation: 0 }, type_name: "Position", diff_string: "PositionDiff { x: Some(9), y: Some(0) }" }
      Modified { entity: Entity { id: 1, generation: 0 }, type_name: "Position", diff_string: "PositionDiff { x: Some(0), y: Some(1) }" }
      Modified { entity: Entity { id: 2, generation: 0 }, type_name: "Position", diff_string: "PositionDiff { x: Some(1), y: Some(2) }" }
    WORLD_OPERATIONS: 0
  SYSTEM 1
    COMPONENT_CHANGES: 0
    WORLD_OPERATIONS: 0
  SYSTEM 2
    COMPONENT_CHANGES: 0
    WORLD_OPERATIONS: 0

UPDATE 321
SYSTEMS: 3
  SYSTEM 0
    COMPONENT_CHANGES: 3
      Modified { entity: Entity { id: 0, generation: 0 }, type_name: "Position", diff_string: "PositionDiff { x: Some(0), y: Some(1) }" }
      Modified { entity: Entity { id: 1, generation: 0 }, type_name: "Position", diff_string: "PositionDiff { x: Some(1), y: Some(2) }" }
      Modified { entity: Entity { id: 2, generation: 0 }, type_name: "Position", diff_string: "PositionDiff { x: Some(2), y: Some(3) }" }
    WORLD_OPERATIONS: 0
  SYSTEM 1
    COMPONENT_CHANGES: 1
      Modified { entity: Entity { id: 0, generation: 0 }, type_name: "WaitTimer", diff_string: "WaitTimerDiff { ticks: Some(5) }" }
    WORLD_OPERATIONS: 0
  SYSTEM 2
    COMPONENT_CHANGES: 0
    WORLD_OPERATIONS: 0

UPDATE 322
SYSTEMS: 3
  SYSTEM 0
    COMPONENT_CHANGES: 3
      Modified { entity: Entity { id: 0, generation: 0 }, type_name: "Position", diff_string: "PositionDiff { x: Some(1), y: Some(2) }" }
      Modified { entity: Entity { id: 1, generation: 0 }, type_name: "Position", diff_string: "PositionDiff { x: Some(2), y: Some(3) }" }
      Modified { entity: Entity { id: 2, generation: 0 }, type_name: "Position", diff_string: "PositionDiff { x: Some(3), y: Some(4) }" }
    WORLD_OPERATIONS: 0
  SYSTEM 1
    COMPONENT_CHANGES: 0
    WORLD_OPERATIONS: 0
  SYSTEM 2
    COMPONENT_CHANGES: 0
    WORLD_OPERATIONS: 0

UPDATE 323
SYSTEMS: 3
  SYSTEM 0
    COMPONENT_CHANGES: 3
      Modified { entity: Entity { id: 0, generation: 0 }, type_name: "Position", diff_string: "PositionDiff { x: Some(2), y: Some(3) }" }
      Modified { entity: Entity { id: 1, generation: 0 }, type_name: "Position", diff_string: "PositionDiff { x: Some(3), y: Some(4) }" }
      Modified { entity: Entity { id: 2, generation: 0 }, type_name: "Position", diff_string: "PositionDiff { x: Some(4), y: Some(5) }" }
    WORLD_OPERATIONS: 0
  SYSTEM 1
    COMPONENT_CHANGES: 0
    WORLD_OPERATIONS: 0
  SYSTEM 2
    COMPONENT_CHANGES: 0
    WORLD_OPERATIONS: 0

UPDATE 324
SYSTEMS: 3
  SYSTEM 0
    COMPONENT_CHANGES: 3
      Modified { entity: Entity { id: 0, generation: 0 }, type_name: "Position", diff_string: "PositionDiff { x: Some(3), y: Some(4) }" }
      Modified { entity: Entity { id: 1, generation: 0 }, type_name: "Position", diff_string: "PositionDiff { x: Some(4), y: Some(5) }" }
      Modified { entity: Entity { id: 2, generation: 0 }, type_name: "Position", diff_string: "PositionDiff { x: Some(5), y: Some(6) }" }
    WORLD_OPERATIONS: 0
  SYSTEM 1
    COMPONENT_CHANGES: 0
    WORLD_OPERATIONS: 0
  SYSTEM 2
    COMPONENT_CHANGES: 0
    WORLD_OPERATIONS: 0

UPDATE 325
SYSTEMS: 3
  SYSTEM 0
    COMPONENT_CHANGES: 3
      Modified { entity: Entity { id: 0, generation: 0 }, type_name: "Position", diff_string: "PositionDiff { x: Some(4), y: Some(5) }" }
      Modified { entity: Entity { id: 1, generation: 0 }, type_name: "Position", diff_string: "PositionDiff { x: Some(5), y: Some(6) }" }
      Modified { entity: Entity { id: 2, generation: 0 }, type_name: "Position", diff_string: "PositionDiff { x: Some(6), y: Some(7) }" }
    WORLD_OPERATIONS: 0
  SYSTEM 1
    COMPONENT_CHANGES: 0
    WORLD_OPERATIONS: 0
  SYSTEM 2
    COMPONENT_CHANGES: 0
    WORLD_OPERATIONS: 0

UPDATE 326
SYSTEMS: 3
  SYSTEM 0
    COMPONENT_CHANGES: 3
      Modified { entity: Entity { id: 0, generation: 0 }, type_name: "Position", diff_string: "PositionDiff { x: Some(5), y: Some(6) }" }
      Modified { entity: Entity { id: 1, generation: 0 }, type_name: "Position", diff_string: "PositionDiff { x: Some(6), y: Some(7) }" }
      Modified { entity: Entity { id: 2, generation: 0 }, type_name: "Position", diff_string: "PositionDiff { x: Some(7), y: Some(8) }" }
    WORLD_OPERATIONS: 0
  SYSTEM 1
    COMPONENT_CHANGES: 0
    WORLD_OPERATIONS: 0
  SYSTEM 2
    COMPONENT_CHANGES: 0
    WORLD_OPERATIONS: 0

UPDATE 327
SYSTEMS: 3
  SYSTEM 0
    COMPONENT_CHANGES: 3
      Modified { entity: Entity { id: 0, generation: 0 }, type_name: "Position", diff_string: "PositionDiff { x: Some(6), y: Some(7) }" }
      Modified { entity: Entity { id: 1, generation: 0 }, type_name: "Position", diff_string: "PositionDiff { x: Some(7), y: Some(8) }" }
      Modified { entity: Entity { id: 2, generation: 0 }, type_name: "Position", diff_string: "PositionDiff { x: Some(8), y: Some(9) }" }
    WORLD_OPERATIONS: 0
  SYSTEM 1
    COMPONENT_CHANGES: 0
    WORLD_OPERATIONS: 0
  SYSTEM 2
    COMPONENT_CHANGES: 0
    WORLD_OPERATIONS: 0

UPDATE 328
SYSTEMS: 3
  SYSTEM 0
    COMPONENT_CHANGES: 3
      Modified { entity: Entity { id: 0, generation: 0 }, type_name: "Position", diff_string: "PositionDiff { x: Some(7), y: Some(8) }" }
      Modified { entity: Entity { id: 1, generation: 0 }, type_name: "Position", diff_string: "PositionDiff { x: Some(8), y: Some(9) }" }
      Modified { entity: Entity { id: 2, generation: 0 }, type_name: "Position", diff_string: "PositionDiff { x: Some(9), y: Some(0) }" }
    WORLD_OPERATIONS: 0
  SYSTEM 1
    COMPONENT_CHANGES: 0
    WORLD_OPERATIONS: 0
  SYSTEM 2
    COMPONENT_CHANGES: 0
    WORLD_OPERATIONS: 0

UPDATE 329
SYSTEMS: 3
  SYSTEM 0
    COMPONENT_CHANGES: 3
      Modified { entity: Entity { id: 0, generation: 0 }, type_name: "Position", diff_string: "PositionDiff { x: Some(8), y: Some(9) }" }
      Modified { entity: Entity { id: 1, generation: 0 }, type_name: "Position", diff_string: "PositionDiff { x: Some(9), y: Some(0) }" }
      Modified { entity: Entity { id: 2, generation: 0 }, type_name: "Position", diff_string: "PositionDiff { x: Some(0), y: Some(1) }" }
    WORLD_OPERATIONS: 0
  SYSTEM 1
    COMPONENT_CHANGES: 0
    WORLD_OPERATIONS: 0
  SYSTEM 2
    COMPONENT_CHANGES: 0
    WORLD_OPERATIONS: 0

UPDATE 330
SYSTEMS: 3
  SYSTEM 0
    COMPONENT_CHANGES: 3
      Modified { entity: Entity { id: 0, generation: 0 }, type_name: "Position", diff_string: "PositionDiff { x: Some(9), y: Some(0) }" }
      Modified { entity: Entity { id: 1, generation: 0 }, type_name: "Position", diff_string: "PositionDiff { x: Some(0), y: Some(1) }" }
      Modified { entity: Entity { id: 2, generation: 0 }, type_name: "Position", diff_string: "PositionDiff { x: Some(1), y: Some(2) }" }
    WORLD_OPERATIONS: 0
  SYSTEM 1
    COMPONENT_CHANGES: 0
    WORLD_OPERATIONS: 0
  SYSTEM 2
    COMPONENT_CHANGES: 0
    WORLD_OPERATIONS: 0

UPDATE 331
SYSTEMS: 3
  SYSTEM 0
    COMPONENT_CHANGES: 3
      Modified { entity: Entity { id: 0, generation: 0 }, type_name: "Position", diff_string: "PositionDiff { x: Some(0), y: Some(1) }" }
      Modified { entity: Entity { id: 1, generation: 0 }, type_name: "Position", diff_string: "PositionDiff { x: Some(1), y: Some(2) }" }
      Modified { entity: Entity { id: 2, generation: 0 }, type_name: "Position", diff_string: "PositionDiff { x: Some(2), y: Some(3) }" }
    WORLD_OPERATIONS: 0
  SYSTEM 1
    COMPONENT_CHANGES: 1
      Modified { entity: Entity { id: 0, generation: 0 }, type_name: "WaitTimer", diff_string: "WaitTimerDiff { ticks: Some(5) }" }
    WORLD_OPERATIONS: 0
  SYSTEM 2
    COMPONENT_CHANGES: 0
    WORLD_OPERATIONS: 0

UPDATE 332
SYSTEMS: 3
  SYSTEM 0
    COMPONENT_CHANGES: 3
      Modified { entity: Entity { id: 0, generation: 0 }, type_name: "Position", diff_string: "PositionDiff { x: Some(1), y: Some(2) }" }
      Modified { entity: Entity { id: 1, generation: 0 }, type_name: "Position", diff_string: "PositionDiff { x: Some(2), y: Some(3) }" }
      Modified { entity: Entity { id: 2, generation: 0 }, type_name: "Position", diff_string: "PositionDiff { x: Some(3), y: Some(4) }" }
    WORLD_OPERATIONS: 0
  SYSTEM 1
    COMPONENT_CHANGES: 0
    WORLD_OPERATIONS: 0
  SYSTEM 2
    COMPONENT_CHANGES: 0
    WORLD_OPERATIONS: 0

UPDATE 333
SYSTEMS: 3
  SYSTEM 0
    COMPONENT_CHANGES: 3
      Modified { entity: Entity { id: 0, generation: 0 }, type_name: "Position", diff_string: "PositionDiff { x: Some(2), y: Some(3) }" }
      Modified { entity: Entity { id: 1, generation: 0 }, type_name: "Position", diff_string: "PositionDiff { x: Some(3), y: Some(4) }" }
      Modified { entity: Entity { id: 2, generation: 0 }, type_name: "Position", diff_string: "PositionDiff { x: Some(4), y: Some(5) }" }
    WORLD_OPERATIONS: 0
  SYSTEM 1
    COMPONENT_CHANGES: 0
    WORLD_OPERATIONS: 0
  SYSTEM 2
    COMPONENT_CHANGES: 0
    WORLD_OPERATIONS: 0

UPDATE 334
SYSTEMS: 3
  SYSTEM 0
    COMPONENT_CHANGES: 3
      Modified { entity: Entity { id: 0, generation: 0 }, type_name: "Position", diff_string: "PositionDiff { x: Some(3), y: Some(4) }" }
      Modified { entity: Entity { id: 1, generation: 0 }, type_name: "Position", diff_string: "PositionDiff { x: Some(4), y: Some(5) }" }
      Modified { entity: Entity { id: 2, generation: 0 }, type_name: "Position", diff_string: "PositionDiff { x: Some(5), y: Some(6) }" }
    WORLD_OPERATIONS: 0
  SYSTEM 1
    COMPONENT_CHANGES: 0
    WORLD_OPERATIONS: 0
  SYSTEM 2
    COMPONENT_CHANGES: 0
    WORLD_OPERATIONS: 0

UPDATE 335
SYSTEMS: 3
  SYSTEM 0
    COMPONENT_CHANGES: 3
      Modified { entity: Entity { id: 0, generation: 0 }, type_name: "Position", diff_string: "PositionDiff { x: Some(4), y: Some(5) }" }
      Modified { entity: Entity { id: 1, generation: 0 }, type_name: "Position", diff_string: "PositionDiff { x: Some(5), y: Some(6) }" }
      Modified { entity: Entity { id: 2, generation: 0 }, type_name: "Position", diff_string: "PositionDiff { x: Some(6), y: Some(7) }" }
    WORLD_OPERATIONS: 0
  SYSTEM 1
    COMPONENT_CHANGES: 0
    WORLD_OPERATIONS: 0
  SYSTEM 2
    COMPONENT_CHANGES: 0
    WORLD_OPERATIONS: 0

UPDATE 336
SYSTEMS: 3
  SYSTEM 0
    COMPONENT_CHANGES: 3
      Modified { entity: Entity { id: 0, generation: 0 }, type_name: "Position", diff_string: "PositionDiff { x: Some(5), y: Some(6) }" }
      Modified { entity: Entity { id: 1, generation: 0 }, type_name: "Position", diff_string: "PositionDiff { x: Some(6), y: Some(7) }" }
      Modified { entity: Entity { id: 2, generation: 0 }, type_name: "Position", diff_string: "PositionDiff { x: Some(7), y: Some(8) }" }
    WORLD_OPERATIONS: 0
  SYSTEM 1
    COMPONENT_CHANGES: 0
    WORLD_OPERATIONS: 0
  SYSTEM 2
    COMPONENT_CHANGES: 0
    WORLD_OPERATIONS: 0

UPDATE 337
SYSTEMS: 3
  SYSTEM 0
    COMPONENT_CHANGES: 3
      Modified { entity: Entity { id: 0, generation: 0 }, type_name: "Position", diff_string: "PositionDiff { x: Some(6), y: Some(7) }" }
      Modified { entity: Entity { id: 1, generation: 0 }, type_name: "Position", diff_string: "PositionDiff { x: Some(7), y: Some(8) }" }
      Modified { entity: Entity { id: 2, generation: 0 }, type_name: "Position", diff_string: "PositionDiff { x: Some(8), y: Some(9) }" }
    WORLD_OPERATIONS: 0
  SYSTEM 1
    COMPONENT_CHANGES: 0
    WORLD_OPERATIONS: 0
  SYSTEM 2
    COMPONENT_CHANGES: 0
    WORLD_OPERATIONS: 0

UPDATE 338
SYSTEMS: 3
  SYSTEM 0
    COMPONENT_CHANGES: 3
      Modified { entity: Entity { id: 0, generation: 0 }, type_name: "Position", diff_string: "PositionDiff { x: Some(7), y: Some(8) }" }
      Modified { entity: Entity { id: 1, generation: 0 }, type_name: "Position", diff_string: "PositionDiff { x: Some(8), y: Some(9) }" }
      Modified { entity: Entity { id: 2, generation: 0 }, type_name: "Position", diff_string: "PositionDiff { x: Some(9), y: Some(0) }" }
    WORLD_OPERATIONS: 0
  SYSTEM 1
    COMPONENT_CHANGES: 0
    WORLD_OPERATIONS: 0
  SYSTEM 2
    COMPONENT_CHANGES: 0
    WORLD_OPERATIONS: 0

UPDATE 339
SYSTEMS: 3
  SYSTEM 0
    COMPONENT_CHANGES: 3
      Modified { entity: Entity { id: 0, generation: 0 }, type_name: "Position", diff_string: "PositionDiff { x: Some(8), y: Some(9) }" }
      Modified { entity: Entity { id: 1, generation: 0 }, type_name: "Position", diff_string: "PositionDiff { x: Some(9), y: Some(0) }" }
      Modified { entity: Entity { id: 2, generation: 0 }, type_name: "Position", diff_string: "PositionDiff { x: Some(0), y: Some(1) }" }
    WORLD_OPERATIONS: 0
  SYSTEM 1
    COMPONENT_CHANGES: 0
    WORLD_OPERATIONS: 0
  SYSTEM 2
    COMPONENT_CHANGES: 0
    WORLD_OPERATIONS: 0

UPDATE 340
SYSTEMS: 3
  SYSTEM 0
    COMPONENT_CHANGES: 3
      Modified { entity: Entity { id: 0, generation: 0 }, type_name: "Position", diff_string: "PositionDiff { x: Some(9), y: Some(0) }" }
      Modified { entity: Entity { id: 1, generation: 0 }, type_name: "Position", diff_string: "PositionDiff { x: Some(0), y: Some(1) }" }
      Modified { entity: Entity { id: 2, generation: 0 }, type_name: "Position", diff_string: "PositionDiff { x: Some(1), y: Some(2) }" }
    WORLD_OPERATIONS: 0
  SYSTEM 1
    COMPONENT_CHANGES: 0
    WORLD_OPERATIONS: 0
  SYSTEM 2
    COMPONENT_CHANGES: 0
    WORLD_OPERATIONS: 0

UPDATE 341
SYSTEMS: 3
  SYSTEM 0
    COMPONENT_CHANGES: 3
      Modified { entity: Entity { id: 0, generation: 0 }, type_name: "Position", diff_string: "PositionDiff { x: Some(0), y: Some(1) }" }
      Modified { entity: Entity { id: 1, generation: 0 }, type_name: "Position", diff_string: "PositionDiff { x: Some(1), y: Some(2) }" }
      Modified { entity: Entity { id: 2, generation: 0 }, type_name: "Position", diff_string: "PositionDiff { x: Some(2), y: Some(3) }" }
    WORLD_OPERATIONS: 0
  SYSTEM 1
    COMPONENT_CHANGES: 1
      Modified { entity: Entity { id: 0, generation: 0 }, type_name: "WaitTimer", diff_string: "WaitTimerDiff { ticks: Some(5) }" }
    WORLD_OPERATIONS: 0
  SYSTEM 2
    COMPONENT_CHANGES: 0
    WORLD_OPERATIONS: 0

UPDATE 342
SYSTEMS: 3
  SYSTEM 0
    COMPONENT_CHANGES: 3
      Modified { entity: Entity { id: 0, generation: 0 }, type_name: "Position", diff_string: "PositionDiff { x: Some(1), y: Some(2) }" }
      Modified { entity: Entity { id: 1, generation: 0 }, type_name: "Position", diff_string: "PositionDiff { x: Some(2), y: Some(3) }" }
      Modified { entity: Entity { id: 2, generation: 0 }, type_name: "Position", diff_string: "PositionDiff { x: Some(3), y: Some(4) }" }
    WORLD_OPERATIONS: 0
  SYSTEM 1
    COMPONENT_CHANGES: 0
    WORLD_OPERATIONS: 0
  SYSTEM 2
    COMPONENT_CHANGES: 0
    WORLD_OPERATIONS: 0

UPDATE 343
SYSTEMS: 3
  SYSTEM 0
    COMPONENT_CHANGES: 3
      Modified { entity: Entity { id: 0, generation: 0 }, type_name: "Position", diff_string: "PositionDiff { x: Some(2), y: Some(3) }" }
      Modified { entity: Entity { id: 1, generation: 0 }, type_name: "Position", diff_string: "PositionDiff { x: Some(3), y: Some(4) }" }
      Modified { entity: Entity { id: 2, generation: 0 }, type_name: "Position", diff_string: "PositionDiff { x: Some(4), y: Some(5) }" }
    WORLD_OPERATIONS: 0
  SYSTEM 1
    COMPONENT_CHANGES: 0
    WORLD_OPERATIONS: 0
  SYSTEM 2
    COMPONENT_CHANGES: 0
    WORLD_OPERATIONS: 0

UPDATE 344
SYSTEMS: 3
  SYSTEM 0
    COMPONENT_CHANGES: 3
      Modified { entity: Entity { id: 0, generation: 0 }, type_name: "Position", diff_string: "PositionDiff { x: Some(3), y: Some(4) }" }
      Modified { entity: Entity { id: 1, generation: 0 }, type_name: "Position", diff_string: "PositionDiff { x: Some(4), y: Some(5) }" }
      Modified { entity: Entity { id: 2, generation: 0 }, type_name: "Position", diff_string: "PositionDiff { x: Some(5), y: Some(6) }" }
    WORLD_OPERATIONS: 0
  SYSTEM 1
    COMPONENT_CHANGES: 0
    WORLD_OPERATIONS: 0
  SYSTEM 2
    COMPONENT_CHANGES: 0
    WORLD_OPERATIONS: 0

UPDATE 345
SYSTEMS: 3
  SYSTEM 0
    COMPONENT_CHANGES: 3
      Modified { entity: Entity { id: 0, generation: 0 }, type_name: "Position", diff_string: "PositionDiff { x: Some(4), y: Some(5) }" }
      Modified { entity: Entity { id: 1, generation: 0 }, type_name: "Position", diff_string: "PositionDiff { x: Some(5), y: Some(6) }" }
      Modified { entity: Entity { id: 2, generation: 0 }, type_name: "Position", diff_string: "PositionDiff { x: Some(6), y: Some(7) }" }
    WORLD_OPERATIONS: 0
  SYSTEM 1
    COMPONENT_CHANGES: 0
    WORLD_OPERATIONS: 0
  SYSTEM 2
    COMPONENT_CHANGES: 0
    WORLD_OPERATIONS: 0

UPDATE 346
SYSTEMS: 3
  SYSTEM 0
    COMPONENT_CHANGES: 3
      Modified { entity: Entity { id: 0, generation: 0 }, type_name: "Position", diff_string: "PositionDiff { x: Some(5), y: Some(6) }" }
      Modified { entity: Entity { id: 1, generation: 0 }, type_name: "Position", diff_string: "PositionDiff { x: Some(6), y: Some(7) }" }
      Modified { entity: Entity { id: 2, generation: 0 }, type_name: "Position", diff_string: "PositionDiff { x: Some(7), y: Some(8) }" }
    WORLD_OPERATIONS: 0
  SYSTEM 1
    COMPONENT_CHANGES: 0
    WORLD_OPERATIONS: 0
  SYSTEM 2
    COMPONENT_CHANGES: 0
    WORLD_OPERATIONS: 0

UPDATE 347
SYSTEMS: 3
  SYSTEM 0
    COMPONENT_CHANGES: 3
      Modified { entity: Entity { id: 0, generation: 0 }, type_name: "Position", diff_string: "PositionDiff { x: Some(6), y: Some(7) }" }
      Modified { entity: Entity { id: 1, generation: 0 }, type_name: "Position", diff_string: "PositionDiff { x: Some(7), y: Some(8) }" }
      Modified { entity: Entity { id: 2, generation: 0 }, type_name: "Position", diff_string: "PositionDiff { x: Some(8), y: Some(9) }" }
    WORLD_OPERATIONS: 0
  SYSTEM 1
    COMPONENT_CHANGES: 0
    WORLD_OPERATIONS: 0
  SYSTEM 2
    COMPONENT_CHANGES: 0
    WORLD_OPERATIONS: 0

UPDATE 348
SYSTEMS: 3
  SYSTEM 0
    COMPONENT_CHANGES: 3
      Modified { entity: Entity { id: 0, generation: 0 }, type_name: "Position", diff_string: "PositionDiff { x: Some(7), y: Some(8) }" }
      Modified { entity: Entity { id: 1, generation: 0 }, type_name: "Position", diff_string: "PositionDiff { x: Some(8), y: Some(9) }" }
      Modified { entity: Entity { id: 2, generation: 0 }, type_name: "Position", diff_string: "PositionDiff { x: Some(9), y: Some(0) }" }
    WORLD_OPERATIONS: 0
  SYSTEM 1
    COMPONENT_CHANGES: 0
    WORLD_OPERATIONS: 0
  SYSTEM 2
    COMPONENT_CHANGES: 0
    WORLD_OPERATIONS: 0

UPDATE 349
SYSTEMS: 3
  SYSTEM 0
    COMPONENT_CHANGES: 3
      Modified { entity: Entity { id: 0, generation: 0 }, type_name: "Position", diff_string: "PositionDiff { x: Some(8), y: Some(9) }" }
      Modified { entity: Entity { id: 1, generation: 0 }, type_name: "Position", diff_string: "PositionDiff { x: Some(9), y: Some(0) }" }
      Modified { entity: Entity { id: 2, generation: 0 }, type_name: "Position", diff_string: "PositionDiff { x: Some(0), y: Some(1) }" }
    WORLD_OPERATIONS: 0
  SYSTEM 1
    COMPONENT_CHANGES: 0
    WORLD_OPERATIONS: 0
  SYSTEM 2
    COMPONENT_CHANGES: 0
    WORLD_OPERATIONS: 0

UPDATE 350
SYSTEMS: 3
  SYSTEM 0
    COMPONENT_CHANGES: 3
      Modified { entity: Entity { id: 0, generation: 0 }, type_name: "Position", diff_string: "PositionDiff { x: Some(9), y: Some(0) }" }
      Modified { entity: Entity { id: 1, generation: 0 }, type_name: "Position", diff_string: "PositionDiff { x: Some(0), y: Some(1) }" }
      Modified { entity: Entity { id: 2, generation: 0 }, type_name: "Position", diff_string: "PositionDiff { x: Some(1), y: Some(2) }" }
    WORLD_OPERATIONS: 0
  SYSTEM 1
    COMPONENT_CHANGES: 0
    WORLD_OPERATIONS: 0
  SYSTEM 2
    COMPONENT_CHANGES: 0
    WORLD_OPERATIONS: 0

UPDATE 351
SYSTEMS: 3
  SYSTEM 0
    COMPONENT_CHANGES: 3
      Modified { entity: Entity { id: 0, generation: 0 }, type_name: "Position", diff_string: "PositionDiff { x: Some(0), y: Some(1) }" }
      Modified { entity: Entity { id: 1, generation: 0 }, type_name: "Position", diff_string: "PositionDiff { x: Some(1), y: Some(2) }" }
      Modified { entity: Entity { id: 2, generation: 0 }, type_name: "Position", diff_string: "PositionDiff { x: Some(2), y: Some(3) }" }
    WORLD_OPERATIONS: 0
  SYSTEM 1
    COMPONENT_CHANGES: 1
      Modified { entity: Entity { id: 0, generation: 0 }, type_name: "WaitTimer", diff_string: "WaitTimerDiff { ticks: Some(5) }" }
    WORLD_OPERATIONS: 0
  SYSTEM 2
    COMPONENT_CHANGES: 0
    WORLD_OPERATIONS: 0

UPDATE 352
SYSTEMS: 3
  SYSTEM 0
    COMPONENT_CHANGES: 3
      Modified { entity: Entity { id: 0, generation: 0 }, type_name: "Position", diff_string: "PositionDiff { x: Some(1), y: Some(2) }" }
      Modified { entity: Entity { id: 1, generation: 0 }, type_name: "Position", diff_string: "PositionDiff { x: Some(2), y: Some(3) }" }
      Modified { entity: Entity { id: 2, generation: 0 }, type_name: "Position", diff_string: "PositionDiff { x: Some(3), y: Some(4) }" }
    WORLD_OPERATIONS: 0
  SYSTEM 1
    COMPONENT_CHANGES: 0
    WORLD_OPERATIONS: 0
  SYSTEM 2
    COMPONENT_CHANGES: 0
    WORLD_OPERATIONS: 0

UPDATE 353
SYSTEMS: 3
  SYSTEM 0
    COMPONENT_CHANGES: 3
      Modified { entity: Entity { id: 0, generation: 0 }, type_name: "Position", diff_string: "PositionDiff { x: Some(2), y: Some(3) }" }
      Modified { entity: Entity { id: 1, generation: 0 }, type_name: "Position", diff_string: "PositionDiff { x: Some(3), y: Some(4) }" }
      Modified { entity: Entity { id: 2, generation: 0 }, type_name: "Position", diff_string: "PositionDiff { x: Some(4), y: Some(5) }" }
    WORLD_OPERATIONS: 0
  SYSTEM 1
    COMPONENT_CHANGES: 0
    WORLD_OPERATIONS: 0
  SYSTEM 2
    COMPONENT_CHANGES: 0
    WORLD_OPERATIONS: 0

UPDATE 354
SYSTEMS: 3
  SYSTEM 0
    COMPONENT_CHANGES: 3
      Modified { entity: Entity { id: 0, generation: 0 }, type_name: "Position", diff_string: "PositionDiff { x: Some(3), y: Some(4) }" }
      Modified { entity: Entity { id: 1, generation: 0 }, type_name: "Position", diff_string: "PositionDiff { x: Some(4), y: Some(5) }" }
      Modified { entity: Entity { id: 2, generation: 0 }, type_name: "Position", diff_string: "PositionDiff { x: Some(5), y: Some(6) }" }
    WORLD_OPERATIONS: 0
  SYSTEM 1
    COMPONENT_CHANGES: 0
    WORLD_OPERATIONS: 0
  SYSTEM 2
    COMPONENT_CHANGES: 0
    WORLD_OPERATIONS: 0

UPDATE 355
SYSTEMS: 3
  SYSTEM 0
    COMPONENT_CHANGES: 3
      Modified { entity: Entity { id: 0, generation: 0 }, type_name: "Position", diff_string: "PositionDiff { x: Some(4), y: Some(5) }" }
      Modified { entity: Entity { id: 1, generation: 0 }, type_name: "Position", diff_string: "PositionDiff { x: Some(5), y: Some(6) }" }
      Modified { entity: Entity { id: 2, generation: 0 }, type_name: "Position", diff_string: "PositionDiff { x: Some(6), y: Some(7) }" }
    WORLD_OPERATIONS: 0
  SYSTEM 1
    COMPONENT_CHANGES: 0
    WORLD_OPERATIONS: 0
  SYSTEM 2
    COMPONENT_CHANGES: 0
    WORLD_OPERATIONS: 0

UPDATE 356
SYSTEMS: 3
  SYSTEM 0
    COMPONENT_CHANGES: 3
      Modified { entity: Entity { id: 0, generation: 0 }, type_name: "Position", diff_string: "PositionDiff { x: Some(5), y: Some(6) }" }
      Modified { entity: Entity { id: 1, generation: 0 }, type_name: "Position", diff_string: "PositionDiff { x: Some(6), y: Some(7) }" }
      Modified { entity: Entity { id: 2, generation: 0 }, type_name: "Position", diff_string: "PositionDiff { x: Some(7), y: Some(8) }" }
    WORLD_OPERATIONS: 0
  SYSTEM 1
    COMPONENT_CHANGES: 0
    WORLD_OPERATIONS: 0
  SYSTEM 2
    COMPONENT_CHANGES: 0
    WORLD_OPERATIONS: 0

UPDATE 357
SYSTEMS: 3
  SYSTEM 0
    COMPONENT_CHANGES: 3
      Modified { entity: Entity { id: 0, generation: 0 }, type_name: "Position", diff_string: "PositionDiff { x: Some(6), y: Some(7) }" }
      Modified { entity: Entity { id: 1, generation: 0 }, type_name: "Position", diff_string: "PositionDiff { x: Some(7), y: Some(8) }" }
      Modified { entity: Entity { id: 2, generation: 0 }, type_name: "Position", diff_string: "PositionDiff { x: Some(8), y: Some(9) }" }
    WORLD_OPERATIONS: 0
  SYSTEM 1
    COMPONENT_CHANGES: 0
    WORLD_OPERATIONS: 0
  SYSTEM 2
    COMPONENT_CHANGES: 0
    WORLD_OPERATIONS: 0

UPDATE 358
SYSTEMS: 3
  SYSTEM 0
    COMPONENT_CHANGES: 3
      Modified { entity: Entity { id: 0, generation: 0 }, type_name: "Position", diff_string: "PositionDiff { x: Some(7), y: Some(8) }" }
      Modified { entity: Entity { id: 1, generation: 0 }, type_name: "Position", diff_string: "PositionDiff { x: Some(8), y: Some(9) }" }
      Modified { entity: Entity { id: 2, generation: 0 }, type_name: "Position", diff_string: "PositionDiff { x: Some(9), y: Some(0) }" }
    WORLD_OPERATIONS: 0
  SYSTEM 1
    COMPONENT_CHANGES: 0
    WORLD_OPERATIONS: 0
  SYSTEM 2
    COMPONENT_CHANGES: 0
    WORLD_OPERATIONS: 0

UPDATE 359
SYSTEMS: 3
  SYSTEM 0
    COMPONENT_CHANGES: 3
      Modified { entity: Entity { id: 0, generation: 0 }, type_name: "Position", diff_string: "PositionDiff { x: Some(8), y: Some(9) }" }
      Modified { entity: Entity { id: 1, generation: 0 }, type_name: "Position", diff_string: "PositionDiff { x: Some(9), y: Some(0) }" }
      Modified { entity: Entity { id: 2, generation: 0 }, type_name: "Position", diff_string: "PositionDiff { x: Some(0), y: Some(1) }" }
    WORLD_OPERATIONS: 0
  SYSTEM 1
    COMPONENT_CHANGES: 0
    WORLD_OPERATIONS: 0
  SYSTEM 2
    COMPONENT_CHANGES: 0
    WORLD_OPERATIONS: 0

UPDATE 360
SYSTEMS: 3
  SYSTEM 0
    COMPONENT_CHANGES: 3
      Modified { entity: Entity { id: 0, generation: 0 }, type_name: "Position", diff_string: "PositionDiff { x: Some(9), y: Some(0) }" }
      Modified { entity: Entity { id: 1, generation: 0 }, type_name: "Position", diff_string: "PositionDiff { x: Some(0), y: Some(1) }" }
      Modified { entity: Entity { id: 2, generation: 0 }, type_name: "Position", diff_string: "PositionDiff { x: Some(1), y: Some(2) }" }
    WORLD_OPERATIONS: 0
  SYSTEM 1
    COMPONENT_CHANGES: 0
    WORLD_OPERATIONS: 0
  SYSTEM 2
    COMPONENT_CHANGES: 0
    WORLD_OPERATIONS: 0

UPDATE 361
SYSTEMS: 3
  SYSTEM 0
    COMPONENT_CHANGES: 3
      Modified { entity: Entity { id: 0, generation: 0 }, type_name: "Position", diff_string: "PositionDiff { x: Some(0), y: Some(1) }" }
      Modified { entity: Entity { id: 1, generation: 0 }, type_name: "Position", diff_string: "PositionDiff { x: Some(1), y: Some(2) }" }
      Modified { entity: Entity { id: 2, generation: 0 }, type_name: "Position", diff_string: "PositionDiff { x: Some(2), y: Some(3) }" }
    WORLD_OPERATIONS: 0
  SYSTEM 1
    COMPONENT_CHANGES: 1
      Modified { entity: Entity { id: 0, generation: 0 }, type_name: "WaitTimer", diff_string: "WaitTimerDiff { ticks: Some(5) }" }
    WORLD_OPERATIONS: 0
  SYSTEM 2
    COMPONENT_CHANGES: 0
    WORLD_OPERATIONS: 0

UPDATE 362
SYSTEMS: 3
  SYSTEM 0
    COMPONENT_CHANGES: 3
      Modified { entity: Entity { id: 0, generation: 0 }, type_name: "Position", diff_string: "PositionDiff { x: Some(1), y: Some(2) }" }
      Modified { entity: Entity { id: 1, generation: 0 }, type_name: "Position", diff_string: "PositionDiff { x: Some(2), y: Some(3) }" }
      Modified { entity: Entity { id: 2, generation: 0 }, type_name: "Position", diff_string: "PositionDiff { x: Some(3), y: Some(4) }" }
    WORLD_OPERATIONS: 0
  SYSTEM 1
    COMPONENT_CHANGES: 0
    WORLD_OPERATIONS: 0
  SYSTEM 2
    COMPONENT_CHANGES: 0
    WORLD_OPERATIONS: 0

UPDATE 363
SYSTEMS: 3
  SYSTEM 0
    COMPONENT_CHANGES: 3
      Modified { entity: Entity { id: 0, generation: 0 }, type_name: "Position", diff_string: "PositionDiff { x: Some(2), y: Some(3) }" }
      Modified { entity: Entity { id: 1, generation: 0 }, type_name: "Position", diff_string: "PositionDiff { x: Some(3), y: Some(4) }" }
      Modified { entity: Entity { id: 2, generation: 0 }, type_name: "Position", diff_string: "PositionDiff { x: Some(4), y: Some(5) }" }
    WORLD_OPERATIONS: 0
  SYSTEM 1
    COMPONENT_CHANGES: 0
    WORLD_OPERATIONS: 0
  SYSTEM 2
    COMPONENT_CHANGES: 0
    WORLD_OPERATIONS: 0

UPDATE 364
SYSTEMS: 3
  SYSTEM 0
    COMPONENT_CHANGES: 3
      Modified { entity: Entity { id: 0, generation: 0 }, type_name: "Position", diff_string: "PositionDiff { x: Some(3), y: Some(4) }" }
      Modified { entity: Entity { id: 1, generation: 0 }, type_name: "Position", diff_string: "PositionDiff { x: Some(4), y: Some(5) }" }
      Modified { entity: Entity { id: 2, generation: 0 }, type_name: "Position", diff_string: "PositionDiff { x: Some(5), y: Some(6) }" }
    WORLD_OPERATIONS: 0
  SYSTEM 1
    COMPONENT_CHANGES: 0
    WORLD_OPERATIONS: 0
  SYSTEM 2
    COMPONENT_CHANGES: 0
    WORLD_OPERATIONS: 0

UPDATE 365
SYSTEMS: 3
  SYSTEM 0
    COMPONENT_CHANGES: 3
      Modified { entity: Entity { id: 0, generation: 0 }, type_name: "Position", diff_string: "PositionDiff { x: Some(4), y: Some(5) }" }
      Modified { entity: Entity { id: 1, generation: 0 }, type_name: "Position", diff_string: "PositionDiff { x: Some(5), y: Some(6) }" }
      Modified { entity: Entity { id: 2, generation: 0 }, type_name: "Position", diff_string: "PositionDiff { x: Some(6), y: Some(7) }" }
    WORLD_OPERATIONS: 0
  SYSTEM 1
    COMPONENT_CHANGES: 0
    WORLD_OPERATIONS: 0
  SYSTEM 2
    COMPONENT_CHANGES: 0
    WORLD_OPERATIONS: 0

UPDATE 366
SYSTEMS: 3
  SYSTEM 0
    COMPONENT_CHANGES: 3
      Modified { entity: Entity { id: 0, generation: 0 }, type_name: "Position", diff_string: "PositionDiff { x: Some(5), y: Some(6) }" }
      Modified { entity: Entity { id: 1, generation: 0 }, type_name: "Position", diff_string: "PositionDiff { x: Some(6), y: Some(7) }" }
      Modified { entity: Entity { id: 2, generation: 0 }, type_name: "Position", diff_string: "PositionDiff { x: Some(7), y: Some(8) }" }
    WORLD_OPERATIONS: 0
  SYSTEM 1
    COMPONENT_CHANGES: 0
    WORLD_OPERATIONS: 0
  SYSTEM 2
    COMPONENT_CHANGES: 0
    WORLD_OPERATIONS: 0

UPDATE 367
SYSTEMS: 3
  SYSTEM 0
    COMPONENT_CHANGES: 3
      Modified { entity: Entity { id: 0, generation: 0 }, type_name: "Position", diff_string: "PositionDiff { x: Some(6), y: Some(7) }" }
      Modified { entity: Entity { id: 1, generation: 0 }, type_name: "Position", diff_string: "PositionDiff { x: Some(7), y: Some(8) }" }
      Modified { entity: Entity { id: 2, generation: 0 }, type_name: "Position", diff_string: "PositionDiff { x: Some(8), y: Some(9) }" }
    WORLD_OPERATIONS: 0
  SYSTEM 1
    COMPONENT_CHANGES: 0
    WORLD_OPERATIONS: 0
  SYSTEM 2
    COMPONENT_CHANGES: 0
    WORLD_OPERATIONS: 0

UPDATE 368
SYSTEMS: 3
  SYSTEM 0
    COMPONENT_CHANGES: 3
      Modified { entity: Entity { id: 0, generation: 0 }, type_name: "Position", diff_string: "PositionDiff { x: Some(7), y: Some(8) }" }
      Modified { entity: Entity { id: 1, generation: 0 }, type_name: "Position", diff_string: "PositionDiff { x: Some(8), y: Some(9) }" }
      Modified { entity: Entity { id: 2, generation: 0 }, type_name: "Position", diff_string: "PositionDiff { x: Some(9), y: Some(0) }" }
    WORLD_OPERATIONS: 0
  SYSTEM 1
    COMPONENT_CHANGES: 0
    WORLD_OPERATIONS: 0
  SYSTEM 2
    COMPONENT_CHANGES: 0
    WORLD_OPERATIONS: 0

UPDATE 369
SYSTEMS: 3
  SYSTEM 0
    COMPONENT_CHANGES: 3
      Modified { entity: Entity { id: 0, generation: 0 }, type_name: "Position", diff_string: "PositionDiff { x: Some(8), y: Some(9) }" }
      Modified { entity: Entity { id: 1, generation: 0 }, type_name: "Position", diff_string: "PositionDiff { x: Some(9), y: Some(0) }" }
      Modified { entity: Entity { id: 2, generation: 0 }, type_name: "Position", diff_string: "PositionDiff { x: Some(0), y: Some(1) }" }
    WORLD_OPERATIONS: 0
  SYSTEM 1
    COMPONENT_CHANGES: 0
    WORLD_OPERATIONS: 0
  SYSTEM 2
    COMPONENT_CHANGES: 0
    WORLD_OPERATIONS: 0

UPDATE 370
SYSTEMS: 3
  SYSTEM 0
    COMPONENT_CHANGES: 3
      Modified { entity: Entity { id: 0, generation: 0 }, type_name: "Position", diff_string: "PositionDiff { x: Some(9), y: Some(0) }" }
      Modified { entity: Entity { id: 1, generation: 0 }, type_name: "Position", diff_string: "PositionDiff { x: Some(0), y: Some(1) }" }
      Modified { entity: Entity { id: 2, generation: 0 }, type_name: "Position", diff_string: "PositionDiff { x: Some(1), y: Some(2) }" }
    WORLD_OPERATIONS: 0
  SYSTEM 1
    COMPONENT_CHANGES: 0
    WORLD_OPERATIONS: 0
  SYSTEM 2
    COMPONENT_CHANGES: 0
    WORLD_OPERATIONS: 0

UPDATE 371
SYSTEMS: 3
  SYSTEM 0
    COMPONENT_CHANGES: 3
      Modified { entity: Entity { id: 0, generation: 0 }, type_name: "Position", diff_string: "PositionDiff { x: Some(0), y: Some(1) }" }
      Modified { entity: Entity { id: 1, generation: 0 }, type_name: "Position", diff_string: "PositionDiff { x: Some(1), y: Some(2) }" }
      Modified { entity: Entity { id: 2, generation: 0 }, type_name: "Position", diff_string: "PositionDiff { x: Some(2), y: Some(3) }" }
    WORLD_OPERATIONS: 0
  SYSTEM 1
    COMPONENT_CHANGES: 1
      Modified { entity: Entity { id: 0, generation: 0 }, type_name: "WaitTimer", diff_string: "WaitTimerDiff { ticks: Some(5) }" }
    WORLD_OPERATIONS: 0
  SYSTEM 2
    COMPONENT_CHANGES: 0
    WORLD_OPERATIONS: 0

UPDATE 372
SYSTEMS: 3
  SYSTEM 0
    COMPONENT_CHANGES: 3
      Modified { entity: Entity { id: 0, generation: 0 }, type_name: "Position", diff_string: "PositionDiff { x: Some(1), y: Some(2) }" }
      Modified { entity: Entity { id: 1, generation: 0 }, type_name: "Position", diff_string: "PositionDiff { x: Some(2), y: Some(3) }" }
      Modified { entity: Entity { id: 2, generation: 0 }, type_name: "Position", diff_string: "PositionDiff { x: Some(3), y: Some(4) }" }
    WORLD_OPERATIONS: 0
  SYSTEM 1
    COMPONENT_CHANGES: 0
    WORLD_OPERATIONS: 0
  SYSTEM 2
    COMPONENT_CHANGES: 0
    WORLD_OPERATIONS: 0

UPDATE 373
SYSTEMS: 3
  SYSTEM 0
    COMPONENT_CHANGES: 3
      Modified { entity: Entity { id: 0, generation: 0 }, type_name: "Position", diff_string: "PositionDiff { x: Some(2), y: Some(3) }" }
      Modified { entity: Entity { id: 1, generation: 0 }, type_name: "Position", diff_string: "PositionDiff { x: Some(3), y: Some(4) }" }
      Modified { entity: Entity { id: 2, generation: 0 }, type_name: "Position", diff_string: "PositionDiff { x: Some(4), y: Some(5) }" }
    WORLD_OPERATIONS: 0
  SYSTEM 1
    COMPONENT_CHANGES: 0
    WORLD_OPERATIONS: 0
  SYSTEM 2
    COMPONENT_CHANGES: 0
    WORLD_OPERATIONS: 0

UPDATE 374
SYSTEMS: 3
  SYSTEM 0
    COMPONENT_CHANGES: 3
      Modified { entity: Entity { id: 0, generation: 0 }, type_name: "Position", diff_string: "PositionDiff { x: Some(3), y: Some(4) }" }
      Modified { entity: Entity { id: 1, generation: 0 }, type_name: "Position", diff_string: "PositionDiff { x: Some(4), y: Some(5) }" }
      Modified { entity: Entity { id: 2, generation: 0 }, type_name: "Position", diff_string: "PositionDiff { x: Some(5), y: Some(6) }" }
    WORLD_OPERATIONS: 0
  SYSTEM 1
    COMPONENT_CHANGES: 0
    WORLD_OPERATIONS: 0
  SYSTEM 2
    COMPONENT_CHANGES: 0
    WORLD_OPERATIONS: 0

UPDATE 375
SYSTEMS: 3
  SYSTEM 0
    COMPONENT_CHANGES: 3
      Modified { entity: Entity { id: 0, generation: 0 }, type_name: "Position", diff_string: "PositionDiff { x: Some(4), y: Some(5) }" }
      Modified { entity: Entity { id: 1, generation: 0 }, type_name: "Position", diff_string: "PositionDiff { x: Some(5), y: Some(6) }" }
      Modified { entity: Entity { id: 2, generation: 0 }, type_name: "Position", diff_string: "PositionDiff { x: Some(6), y: Some(7) }" }
    WORLD_OPERATIONS: 0
  SYSTEM 1
    COMPONENT_CHANGES: 0
    WORLD_OPERATIONS: 0
  SYSTEM 2
    COMPONENT_CHANGES: 0
    WORLD_OPERATIONS: 0

UPDATE 376
SYSTEMS: 3
  SYSTEM 0
    COMPONENT_CHANGES: 3
      Modified { entity: Entity { id: 0, generation: 0 }, type_name: "Position", diff_string: "PositionDiff { x: Some(5), y: Some(6) }" }
      Modified { entity: Entity { id: 1, generation: 0 }, type_name: "Position", diff_string: "PositionDiff { x: Some(6), y: Some(7) }" }
      Modified { entity: Entity { id: 2, generation: 0 }, type_name: "Position", diff_string: "PositionDiff { x: Some(7), y: Some(8) }" }
    WORLD_OPERATIONS: 0
  SYSTEM 1
    COMPONENT_CHANGES: 0
    WORLD_OPERATIONS: 0
  SYSTEM 2
    COMPONENT_CHANGES: 0
    WORLD_OPERATIONS: 0

UPDATE 377
SYSTEMS: 3
  SYSTEM 0
    COMPONENT_CHANGES: 3
      Modified { entity: Entity { id: 0, generation: 0 }, type_name: "Position", diff_string: "PositionDiff { x: Some(6), y: Some(7) }" }
      Modified { entity: Entity { id: 1, generation: 0 }, type_name: "Position", diff_string: "PositionDiff { x: Some(7), y: Some(8) }" }
      Modified { entity: Entity { id: 2, generation: 0 }, type_name: "Position", diff_string: "PositionDiff { x: Some(8), y: Some(9) }" }
    WORLD_OPERATIONS: 0
  SYSTEM 1
    COMPONENT_CHANGES: 0
    WORLD_OPERATIONS: 0
  SYSTEM 2
    COMPONENT_CHANGES: 0
    WORLD_OPERATIONS: 0

UPDATE 378
SYSTEMS: 3
  SYSTEM 0
    COMPONENT_CHANGES: 3
      Modified { entity: Entity { id: 0, generation: 0 }, type_name: "Position", diff_string: "PositionDiff { x: Some(7), y: Some(8) }" }
      Modified { entity: Entity { id: 1, generation: 0 }, type_name: "Position", diff_string: "PositionDiff { x: Some(8), y: Some(9) }" }
      Modified { entity: Entity { id: 2, generation: 0 }, type_name: "Position", diff_string: "PositionDiff { x: Some(9), y: Some(0) }" }
    WORLD_OPERATIONS: 0
  SYSTEM 1
    COMPONENT_CHANGES: 0
    WORLD_OPERATIONS: 0
  SYSTEM 2
    COMPONENT_CHANGES: 0
    WORLD_OPERATIONS: 0

UPDATE 379
SYSTEMS: 3
  SYSTEM 0
    COMPONENT_CHANGES: 3
      Modified { entity: Entity { id: 0, generation: 0 }, type_name: "Position", diff_string: "PositionDiff { x: Some(8), y: Some(9) }" }
      Modified { entity: Entity { id: 1, generation: 0 }, type_name: "Position", diff_string: "PositionDiff { x: Some(9), y: Some(0) }" }
      Modified { entity: Entity { id: 2, generation: 0 }, type_name: "Position", diff_string: "PositionDiff { x: Some(0), y: Some(1) }" }
    WORLD_OPERATIONS: 0
  SYSTEM 1
    COMPONENT_CHANGES: 0
    WORLD_OPERATIONS: 0
  SYSTEM 2
    COMPONENT_CHANGES: 0
    WORLD_OPERATIONS: 0

UPDATE 380
SYSTEMS: 3
  SYSTEM 0
    COMPONENT_CHANGES: 3
      Modified { entity: Entity { id: 0, generation: 0 }, type_name: "Position", diff_string: "PositionDiff { x: Some(9), y: Some(0) }" }
      Modified { entity: Entity { id: 1, generation: 0 }, type_name: "Position", diff_string: "PositionDiff { x: Some(0), y: Some(1) }" }
      Modified { entity: Entity { id: 2, generation: 0 }, type_name: "Position", diff_string: "PositionDiff { x: Some(1), y: Some(2) }" }
    WORLD_OPERATIONS: 0
  SYSTEM 1
    COMPONENT_CHANGES: 0
    WORLD_OPERATIONS: 0
  SYSTEM 2
    COMPONENT_CHANGES: 0
    WORLD_OPERATIONS: 0

UPDATE 381
SYSTEMS: 3
  SYSTEM 0
    COMPONENT_CHANGES: 3
      Modified { entity: Entity { id: 0, generation: 0 }, type_name: "Position", diff_string: "PositionDiff { x: Some(0), y: Some(1) }" }
      Modified { entity: Entity { id: 1, generation: 0 }, type_name: "Position", diff_string: "PositionDiff { x: Some(1), y: Some(2) }" }
      Modified { entity: Entity { id: 2, generation: 0 }, type_name: "Position", diff_string: "PositionDiff { x: Some(2), y: Some(3) }" }
    WORLD_OPERATIONS: 0
  SYSTEM 1
    COMPONENT_CHANGES: 1
      Modified { entity: Entity { id: 0, generation: 0 }, type_name: "WaitTimer", diff_string: "WaitTimerDiff { ticks: Some(5) }" }
    WORLD_OPERATIONS: 0
  SYSTEM 2
    COMPONENT_CHANGES: 0
    WORLD_OPERATIONS: 0

UPDATE 382
SYSTEMS: 3
  SYSTEM 0
    COMPONENT_CHANGES: 3
      Modified { entity: Entity { id: 0, generation: 0 }, type_name: "Position", diff_string: "PositionDiff { x: Some(1), y: Some(2) }" }
      Modified { entity: Entity { id: 1, generation: 0 }, type_name: "Position", diff_string: "PositionDiff { x: Some(2), y: Some(3) }" }
      Modified { entity: Entity { id: 2, generation: 0 }, type_name: "Position", diff_string: "PositionDiff { x: Some(3), y: Some(4) }" }
    WORLD_OPERATIONS: 0
  SYSTEM 1
    COMPONENT_CHANGES: 0
    WORLD_OPERATIONS: 0
  SYSTEM 2
    COMPONENT_CHANGES: 0
    WORLD_OPERATIONS: 0

UPDATE 383
SYSTEMS: 3
  SYSTEM 0
    COMPONENT_CHANGES: 3
      Modified { entity: Entity { id: 0, generation: 0 }, type_name: "Position", diff_string: "PositionDiff { x: Some(2), y: Some(3) }" }
      Modified { entity: Entity { id: 1, generation: 0 }, type_name: "Position", diff_string: "PositionDiff { x: Some(3), y: Some(4) }" }
      Modified { entity: Entity { id: 2, generation: 0 }, type_name: "Position", diff_string: "PositionDiff { x: Some(4), y: Some(5) }" }
    WORLD_OPERATIONS: 0
  SYSTEM 1
    COMPONENT_CHANGES: 0
    WORLD_OPERATIONS: 0
  SYSTEM 2
    COMPONENT_CHANGES: 0
    WORLD_OPERATIONS: 0

UPDATE 384
SYSTEMS: 3
  SYSTEM 0
    COMPONENT_CHANGES: 3
      Modified { entity: Entity { id: 0, generation: 0 }, type_name: "Position", diff_string: "PositionDiff { x: Some(3), y: Some(4) }" }
      Modified { entity: Entity { id: 1, generation: 0 }, type_name: "Position", diff_string: "PositionDiff { x: Some(4), y: Some(5) }" }
      Modified { entity: Entity { id: 2, generation: 0 }, type_name: "Position", diff_string: "PositionDiff { x: Some(5), y: Some(6) }" }
    WORLD_OPERATIONS: 0
  SYSTEM 1
    COMPONENT_CHANGES: 0
    WORLD_OPERATIONS: 0
  SYSTEM 2
    COMPONENT_CHANGES: 0
    WORLD_OPERATIONS: 0

UPDATE 385
SYSTEMS: 3
  SYSTEM 0
    COMPONENT_CHANGES: 3
      Modified { entity: Entity { id: 0, generation: 0 }, type_name: "Position", diff_string: "PositionDiff { x: Some(4), y: Some(5) }" }
      Modified { entity: Entity { id: 1, generation: 0 }, type_name: "Position", diff_string: "PositionDiff { x: Some(5), y: Some(6) }" }
      Modified { entity: Entity { id: 2, generation: 0 }, type_name: "Position", diff_string: "PositionDiff { x: Some(6), y: Some(7) }" }
    WORLD_OPERATIONS: 0
  SYSTEM 1
    COMPONENT_CHANGES: 0
    WORLD_OPERATIONS: 0
  SYSTEM 2
    COMPONENT_CHANGES: 0
    WORLD_OPERATIONS: 0

UPDATE 386
SYSTEMS: 3
  SYSTEM 0
    COMPONENT_CHANGES: 3
      Modified { entity: Entity { id: 0, generation: 0 }, type_name: "Position", diff_string: "PositionDiff { x: Some(5), y: Some(6) }" }
      Modified { entity: Entity { id: 1, generation: 0 }, type_name: "Position", diff_string: "PositionDiff { x: Some(6), y: Some(7) }" }
      Modified { entity: Entity { id: 2, generation: 0 }, type_name: "Position", diff_string: "PositionDiff { x: Some(7), y: Some(8) }" }
    WORLD_OPERATIONS: 0
  SYSTEM 1
    COMPONENT_CHANGES: 0
    WORLD_OPERATIONS: 0
  SYSTEM 2
    COMPONENT_CHANGES: 0
    WORLD_OPERATIONS: 0

UPDATE 387
SYSTEMS: 3
  SYSTEM 0
    COMPONENT_CHANGES: 3
      Modified { entity: Entity { id: 0, generation: 0 }, type_name: "Position", diff_string: "PositionDiff { x: Some(6), y: Some(7) }" }
      Modified { entity: Entity { id: 1, generation: 0 }, type_name: "Position", diff_string: "PositionDiff { x: Some(7), y: Some(8) }" }
      Modified { entity: Entity { id: 2, generation: 0 }, type_name: "Position", diff_string: "PositionDiff { x: Some(8), y: Some(9) }" }
    WORLD_OPERATIONS: 0
  SYSTEM 1
    COMPONENT_CHANGES: 0
    WORLD_OPERATIONS: 0
  SYSTEM 2
    COMPONENT_CHANGES: 0
    WORLD_OPERATIONS: 0

UPDATE 388
SYSTEMS: 3
  SYSTEM 0
    COMPONENT_CHANGES: 3
      Modified { entity: Entity { id: 0, generation: 0 }, type_name: "Position", diff_string: "PositionDiff { x: Some(7), y: Some(8) }" }
      Modified { entity: Entity { id: 1, generation: 0 }, type_name: "Position", diff_string: "PositionDiff { x: Some(8), y: Some(9) }" }
      Modified { entity: Entity { id: 2, generation: 0 }, type_name: "Position", diff_string: "PositionDiff { x: Some(9), y: Some(0) }" }
    WORLD_OPERATIONS: 0
  SYSTEM 1
    COMPONENT_CHANGES: 0
    WORLD_OPERATIONS: 0
  SYSTEM 2
    COMPONENT_CHANGES: 0
    WORLD_OPERATIONS: 0

UPDATE 389
SYSTEMS: 3
  SYSTEM 0
    COMPONENT_CHANGES: 3
      Modified { entity: Entity { id: 0, generation: 0 }, type_name: "Position", diff_string: "PositionDiff { x: Some(8), y: Some(9) }" }
      Modified { entity: Entity { id: 1, generation: 0 }, type_name: "Position", diff_string: "PositionDiff { x: Some(9), y: Some(0) }" }
      Modified { entity: Entity { id: 2, generation: 0 }, type_name: "Position", diff_string: "PositionDiff { x: Some(0), y: Some(1) }" }
    WORLD_OPERATIONS: 0
  SYSTEM 1
    COMPONENT_CHANGES: 0
    WORLD_OPERATIONS: 0
  SYSTEM 2
    COMPONENT_CHANGES: 0
    WORLD_OPERATIONS: 0

UPDATE 390
SYSTEMS: 3
  SYSTEM 0
    COMPONENT_CHANGES: 3
      Modified { entity: Entity { id: 0, generation: 0 }, type_name: "Position", diff_string: "PositionDiff { x: Some(9), y: Some(0) }" }
      Modified { entity: Entity { id: 1, generation: 0 }, type_name: "Position", diff_string: "PositionDiff { x: Some(0), y: Some(1) }" }
      Modified { entity: Entity { id: 2, generation: 0 }, type_name: "Position", diff_string: "PositionDiff { x: Some(1), y: Some(2) }" }
    WORLD_OPERATIONS: 0
  SYSTEM 1
    COMPONENT_CHANGES: 0
    WORLD_OPERATIONS: 0
  SYSTEM 2
    COMPONENT_CHANGES: 0
    WORLD_OPERATIONS: 0

UPDATE 391
SYSTEMS: 3
  SYSTEM 0
    COMPONENT_CHANGES: 3
      Modified { entity: Entity { id: 0, generation: 0 }, type_name: "Position", diff_string: "PositionDiff { x: Some(0), y: Some(1) }" }
      Modified { entity: Entity { id: 1, generation: 0 }, type_name: "Position", diff_string: "PositionDiff { x: Some(1), y: Some(2) }" }
      Modified { entity: Entity { id: 2, generation: 0 }, type_name: "Position", diff_string: "PositionDiff { x: Some(2), y: Some(3) }" }
    WORLD_OPERATIONS: 0
  SYSTEM 1
    COMPONENT_CHANGES: 1
      Modified { entity: Entity { id: 0, generation: 0 }, type_name: "WaitTimer", diff_string: "WaitTimerDiff { ticks: Some(5) }" }
    WORLD_OPERATIONS: 0
  SYSTEM 2
    COMPONENT_CHANGES: 0
    WORLD_OPERATIONS: 0

UPDATE 392
SYSTEMS: 3
  SYSTEM 0
    COMPONENT_CHANGES: 3
      Modified { entity: Entity { id: 0, generation: 0 }, type_name: "Position", diff_string: "PositionDiff { x: Some(1), y: Some(2) }" }
      Modified { entity: Entity { id: 1, generation: 0 }, type_name: "Position", diff_string: "PositionDiff { x: Some(2), y: Some(3) }" }
      Modified { entity: Entity { id: 2, generation: 0 }, type_name: "Position", diff_string: "PositionDiff { x: Some(3), y: Some(4) }" }
    WORLD_OPERATIONS: 0
  SYSTEM 1
    COMPONENT_CHANGES: 0
    WORLD_OPERATIONS: 0
  SYSTEM 2
    COMPONENT_CHANGES: 0
    WORLD_OPERATIONS: 0

UPDATE 393
SYSTEMS: 3
  SYSTEM 0
    COMPONENT_CHANGES: 3
      Modified { entity: Entity { id: 0, generation: 0 }, type_name: "Position", diff_string: "PositionDiff { x: Some(2), y: Some(3) }" }
      Modified { entity: Entity { id: 1, generation: 0 }, type_name: "Position", diff_string: "PositionDiff { x: Some(3), y: Some(4) }" }
      Modified { entity: Entity { id: 2, generation: 0 }, type_name: "Position", diff_string: "PositionDiff { x: Some(4), y: Some(5) }" }
    WORLD_OPERATIONS: 0
  SYSTEM 1
    COMPONENT_CHANGES: 0
    WORLD_OPERATIONS: 0
  SYSTEM 2
    COMPONENT_CHANGES: 0
    WORLD_OPERATIONS: 0

UPDATE 394
SYSTEMS: 3
  SYSTEM 0
    COMPONENT_CHANGES: 3
      Modified { entity: Entity { id: 0, generation: 0 }, type_name: "Position", diff_string: "PositionDiff { x: Some(3), y: Some(4) }" }
      Modified { entity: Entity { id: 1, generation: 0 }, type_name: "Position", diff_string: "PositionDiff { x: Some(4), y: Some(5) }" }
      Modified { entity: Entity { id: 2, generation: 0 }, type_name: "Position", diff_string: "PositionDiff { x: Some(5), y: Some(6) }" }
    WORLD_OPERATIONS: 0
  SYSTEM 1
    COMPONENT_CHANGES: 0
    WORLD_OPERATIONS: 0
  SYSTEM 2
    COMPONENT_CHANGES: 0
    WORLD_OPERATIONS: 0

UPDATE 395
SYSTEMS: 3
  SYSTEM 0
    COMPONENT_CHANGES: 3
      Modified { entity: Entity { id: 0, generation: 0 }, type_name: "Position", diff_string: "PositionDiff { x: Some(4), y: Some(5) }" }
      Modified { entity: Entity { id: 1, generation: 0 }, type_name: "Position", diff_string: "PositionDiff { x: Some(5), y: Some(6) }" }
      Modified { entity: Entity { id: 2, generation: 0 }, type_name: "Position", diff_string: "PositionDiff { x: Some(6), y: Some(7) }" }
    WORLD_OPERATIONS: 0
  SYSTEM 1
    COMPONENT_CHANGES: 0
    WORLD_OPERATIONS: 0
  SYSTEM 2
    COMPONENT_CHANGES: 0
    WORLD_OPERATIONS: 0

UPDATE 396
SYSTEMS: 3
  SYSTEM 0
    COMPONENT_CHANGES: 3
      Modified { entity: Entity { id: 0, generation: 0 }, type_name: "Position", diff_string: "PositionDiff { x: Some(5), y: Some(6) }" }
      Modified { entity: Entity { id: 1, generation: 0 }, type_name: "Position", diff_string: "PositionDiff { x: Some(6), y: Some(7) }" }
      Modified { entity: Entity { id: 2, generation: 0 }, type_name: "Position", diff_string: "PositionDiff { x: Some(7), y: Some(8) }" }
    WORLD_OPERATIONS: 0
  SYSTEM 1
    COMPONENT_CHANGES: 0
    WORLD_OPERATIONS: 0
  SYSTEM 2
    COMPONENT_CHANGES: 0
    WORLD_OPERATIONS: 0

UPDATE 397
SYSTEMS: 3
  SYSTEM 0
    COMPONENT_CHANGES: 3
      Modified { entity: Entity { id: 0, generation: 0 }, type_name: "Position", diff_string: "PositionDiff { x: Some(6), y: Some(7) }" }
      Modified { entity: Entity { id: 1, generation: 0 }, type_name: "Position", diff_string: "PositionDiff { x: Some(7), y: Some(8) }" }
      Modified { entity: Entity { id: 2, generation: 0 }, type_name: "Position", diff_string: "PositionDiff { x: Some(8), y: Some(9) }" }
    WORLD_OPERATIONS: 0
  SYSTEM 1
    COMPONENT_CHANGES: 0
    WORLD_OPERATIONS: 0
  SYSTEM 2
    COMPONENT_CHANGES: 0
    WORLD_OPERATIONS: 0

UPDATE 398
SYSTEMS: 3
  SYSTEM 0
    COMPONENT_CHANGES: 3
      Modified { entity: Entity { id: 0, generation: 0 }, type_name: "Position", diff_string: "PositionDiff { x: Some(7), y: Some(8) }" }
      Modified { entity: Entity { id: 1, generation: 0 }, type_name: "Position", diff_string: "PositionDiff { x: Some(8), y: Some(9) }" }
      Modified { entity: Entity { id: 2, generation: 0 }, type_name: "Position", diff_string: "PositionDiff { x: Some(9), y: Some(0) }" }
    WORLD_OPERATIONS: 0
  SYSTEM 1
    COMPONENT_CHANGES: 0
    WORLD_OPERATIONS: 0
  SYSTEM 2
    COMPONENT_CHANGES: 0
    WORLD_OPERATIONS: 0

UPDATE 399
SYSTEMS: 3
  SYSTEM 0
    COMPONENT_CHANGES: 3
      Modified { entity: Entity { id: 0, generation: 0 }, type_name: "Position", diff_string: "PositionDiff { x: Some(8), y: Some(9) }" }
      Modified { entity: Entity { id: 1, generation: 0 }, type_name: "Position", diff_string: "PositionDiff { x: Some(9), y: Some(0) }" }
      Modified { entity: Entity { id: 2, generation: 0 }, type_name: "Position", diff_string: "PositionDiff { x: Some(0), y: Some(1) }" }
    WORLD_OPERATIONS: 0
  SYSTEM 1
    COMPONENT_CHANGES: 0
    WORLD_OPERATIONS: 0
  SYSTEM 2
    COMPONENT_CHANGES: 0
    WORLD_OPERATIONS: 0

UPDATE 400
SYSTEMS: 3
  SYSTEM 0
    COMPONENT_CHANGES: 3
      Modified { entity: Entity { id: 0, generation: 0 }, type_name: "Position", diff_string: "PositionDiff { x: Some(9), y: Some(0) }" }
      Modified { entity: Entity { id: 1, generation: 0 }, type_name: "Position", diff_string: "PositionDiff { x: Some(0), y: Some(1) }" }
      Modified { entity: Entity { id: 2, generation: 0 }, type_name: "Position", diff_string: "PositionDiff { x: Some(1), y: Some(2) }" }
    WORLD_OPERATIONS: 0
  SYSTEM 1
    COMPONENT_CHANGES: 0
    WORLD_OPERATIONS: 0
  SYSTEM 2
    COMPONENT_CHANGES: 0
    WORLD_OPERATIONS: 0

UPDATE 401
SYSTEMS: 3
  SYSTEM 0
    COMPONENT_CHANGES: 3
      Modified { entity: Entity { id: 0, generation: 0 }, type_name: "Position", diff_string: "PositionDiff { x: Some(0), y: Some(1) }" }
      Modified { entity: Entity { id: 1, generation: 0 }, type_name: "Position", diff_string: "PositionDiff { x: Some(1), y: Some(2) }" }
      Modified { entity: Entity { id: 2, generation: 0 }, type_name: "Position", diff_string: "PositionDiff { x: Some(2), y: Some(3) }" }
    WORLD_OPERATIONS: 0
  SYSTEM 1
    COMPONENT_CHANGES: 1
      Modified { entity: Entity { id: 0, generation: 0 }, type_name: "WaitTimer", diff_string: "WaitTimerDiff { ticks: Some(5) }" }
    WORLD_OPERATIONS: 0
  SYSTEM 2
    COMPONENT_CHANGES: 0
    WORLD_OPERATIONS: 0

UPDATE 402
SYSTEMS: 3
  SYSTEM 0
    COMPONENT_CHANGES: 3
      Modified { entity: Entity { id: 0, generation: 0 }, type_name: "Position", diff_string: "PositionDiff { x: Some(1), y: Some(2) }" }
      Modified { entity: Entity { id: 1, generation: 0 }, type_name: "Position", diff_string: "PositionDiff { x: Some(2), y: Some(3) }" }
      Modified { entity: Entity { id: 2, generation: 0 }, type_name: "Position", diff_string: "PositionDiff { x: Some(3), y: Some(4) }" }
    WORLD_OPERATIONS: 0
  SYSTEM 1
    COMPONENT_CHANGES: 0
    WORLD_OPERATIONS: 0
  SYSTEM 2
    COMPONENT_CHANGES: 0
    WORLD_OPERATIONS: 0

UPDATE 403
SYSTEMS: 3
  SYSTEM 0
    COMPONENT_CHANGES: 3
      Modified { entity: Entity { id: 0, generation: 0 }, type_name: "Position", diff_string: "PositionDiff { x: Some(2), y: Some(3) }" }
      Modified { entity: Entity { id: 1, generation: 0 }, type_name: "Position", diff_string: "PositionDiff { x: Some(3), y: Some(4) }" }
      Modified { entity: Entity { id: 2, generation: 0 }, type_name: "Position", diff_string: "PositionDiff { x: Some(4), y: Some(5) }" }
    WORLD_OPERATIONS: 0
  SYSTEM 1
    COMPONENT_CHANGES: 0
    WORLD_OPERATIONS: 0
  SYSTEM 2
    COMPONENT_CHANGES: 0
    WORLD_OPERATIONS: 0

UPDATE 404
SYSTEMS: 3
  SYSTEM 0
    COMPONENT_CHANGES: 3
      Modified { entity: Entity { id: 0, generation: 0 }, type_name: "Position", diff_string: "PositionDiff { x: Some(3), y: Some(4) }" }
      Modified { entity: Entity { id: 1, generation: 0 }, type_name: "Position", diff_string: "PositionDiff { x: Some(4), y: Some(5) }" }
      Modified { entity: Entity { id: 2, generation: 0 }, type_name: "Position", diff_string: "PositionDiff { x: Some(5), y: Some(6) }" }
    WORLD_OPERATIONS: 0
  SYSTEM 1
    COMPONENT_CHANGES: 0
    WORLD_OPERATIONS: 0
  SYSTEM 2
    COMPONENT_CHANGES: 0
    WORLD_OPERATIONS: 0

UPDATE 405
SYSTEMS: 3
  SYSTEM 0
    COMPONENT_CHANGES: 3
      Modified { entity: Entity { id: 0, generation: 0 }, type_name: "Position", diff_string: "PositionDiff { x: Some(4), y: Some(5) }" }
      Modified { entity: Entity { id: 1, generation: 0 }, type_name: "Position", diff_string: "PositionDiff { x: Some(5), y: Some(6) }" }
      Modified { entity: Entity { id: 2, generation: 0 }, type_name: "Position", diff_string: "PositionDiff { x: Some(6), y: Some(7) }" }
    WORLD_OPERATIONS: 0
  SYSTEM 1
    COMPONENT_CHANGES: 0
    WORLD_OPERATIONS: 0
  SYSTEM 2
    COMPONENT_CHANGES: 0
    WORLD_OPERATIONS: 0

UPDATE 406
SYSTEMS: 3
  SYSTEM 0
    COMPONENT_CHANGES: 3
      Modified { entity: Entity { id: 0, generation: 0 }, type_name: "Position", diff_string: "PositionDiff { x: Some(5), y: Some(6) }" }
      Modified { entity: Entity { id: 1, generation: 0 }, type_name: "Position", diff_string: "PositionDiff { x: Some(6), y: Some(7) }" }
      Modified { entity: Entity { id: 2, generation: 0 }, type_name: "Position", diff_string: "PositionDiff { x: Some(7), y: Some(8) }" }
    WORLD_OPERATIONS: 0
  SYSTEM 1
    COMPONENT_CHANGES: 0
    WORLD_OPERATIONS: 0
  SYSTEM 2
    COMPONENT_CHANGES: 0
    WORLD_OPERATIONS: 0

UPDATE 407
SYSTEMS: 3
  SYSTEM 0
    COMPONENT_CHANGES: 3
      Modified { entity: Entity { id: 0, generation: 0 }, type_name: "Position", diff_string: "PositionDiff { x: Some(6), y: Some(7) }" }
      Modified { entity: Entity { id: 1, generation: 0 }, type_name: "Position", diff_string: "PositionDiff { x: Some(7), y: Some(8) }" }
      Modified { entity: Entity { id: 2, generation: 0 }, type_name: "Position", diff_string: "PositionDiff { x: Some(8), y: Some(9) }" }
    WORLD_OPERATIONS: 0
  SYSTEM 1
    COMPONENT_CHANGES: 0
    WORLD_OPERATIONS: 0
  SYSTEM 2
    COMPONENT_CHANGES: 0
    WORLD_OPERATIONS: 0

UPDATE 408
SYSTEMS: 3
  SYSTEM 0
    COMPONENT_CHANGES: 3
      Modified { entity: Entity { id: 0, generation: 0 }, type_name: "Position", diff_string: "PositionDiff { x: Some(7), y: Some(8) }" }
      Modified { entity: Entity { id: 1, generation: 0 }, type_name: "Position", diff_string: "PositionDiff { x: Some(8), y: Some(9) }" }
      Modified { entity: Entity { id: 2, generation: 0 }, type_name: "Position", diff_string: "PositionDiff { x: Some(9), y: Some(0) }" }
    WORLD_OPERATIONS: 0
  SYSTEM 1
    COMPONENT_CHANGES: 0
    WORLD_OPERATIONS: 0
  SYSTEM 2
    COMPONENT_CHANGES: 0
    WORLD_OPERATIONS: 0

UPDATE 409
SYSTEMS: 3
  SYSTEM 0
    COMPONENT_CHANGES: 3
      Modified { entity: Entity { id: 0, generation: 0 }, type_name: "Position", diff_string: "PositionDiff { x: Some(8), y: Some(9) }" }
      Modified { entity: Entity { id: 1, generation: 0 }, type_name: "Position", diff_string: "PositionDiff { x: Some(9), y: Some(0) }" }
      Modified { entity: Entity { id: 2, generation: 0 }, type_name: "Position", diff_string: "PositionDiff { x: Some(0), y: Some(1) }" }
    WORLD_OPERATIONS: 0
  SYSTEM 1
    COMPONENT_CHANGES: 0
    WORLD_OPERATIONS: 0
  SYSTEM 2
    COMPONENT_CHANGES: 0
    WORLD_OPERATIONS: 0

UPDATE 410
SYSTEMS: 3
  SYSTEM 0
    COMPONENT_CHANGES: 3
      Modified { entity: Entity { id: 0, generation: 0 }, type_name: "Position", diff_string: "PositionDiff { x: Some(9), y: Some(0) }" }
      Modified { entity: Entity { id: 1, generation: 0 }, type_name: "Position", diff_string: "PositionDiff { x: Some(0), y: Some(1) }" }
      Modified { entity: Entity { id: 2, generation: 0 }, type_name: "Position", diff_string: "PositionDiff { x: Some(1), y: Some(2) }" }
    WORLD_OPERATIONS: 0
  SYSTEM 1
    COMPONENT_CHANGES: 0
    WORLD_OPERATIONS: 0
  SYSTEM 2
    COMPONENT_CHANGES: 0
    WORLD_OPERATIONS: 0

UPDATE 411
SYSTEMS: 3
  SYSTEM 0
    COMPONENT_CHANGES: 3
      Modified { entity: Entity { id: 0, generation: 0 }, type_name: "Position", diff_string: "PositionDiff { x: Some(0), y: Some(1) }" }
      Modified { entity: Entity { id: 1, generation: 0 }, type_name: "Position", diff_string: "PositionDiff { x: Some(1), y: Some(2) }" }
      Modified { entity: Entity { id: 2, generation: 0 }, type_name: "Position", diff_string: "PositionDiff { x: Some(2), y: Some(3) }" }
    WORLD_OPERATIONS: 0
  SYSTEM 1
    COMPONENT_CHANGES: 1
      Modified { entity: Entity { id: 0, generation: 0 }, type_name: "WaitTimer", diff_string: "WaitTimerDiff { ticks: Some(5) }" }
    WORLD_OPERATIONS: 0
  SYSTEM 2
    COMPONENT_CHANGES: 0
    WORLD_OPERATIONS: 0

UPDATE 412
SYSTEMS: 3
  SYSTEM 0
    COMPONENT_CHANGES: 3
      Modified { entity: Entity { id: 0, generation: 0 }, type_name: "Position", diff_string: "PositionDiff { x: Some(1), y: Some(2) }" }
      Modified { entity: Entity { id: 1, generation: 0 }, type_name: "Position", diff_string: "PositionDiff { x: Some(2), y: Some(3) }" }
      Modified { entity: Entity { id: 2, generation: 0 }, type_name: "Position", diff_string: "PositionDiff { x: Some(3), y: Some(4) }" }
    WORLD_OPERATIONS: 0
  SYSTEM 1
    COMPONENT_CHANGES: 0
    WORLD_OPERATIONS: 0
  SYSTEM 2
    COMPONENT_CHANGES: 0
    WORLD_OPERATIONS: 0

UPDATE 413
SYSTEMS: 3
  SYSTEM 0
    COMPONENT_CHANGES: 3
      Modified { entity: Entity { id: 0, generation: 0 }, type_name: "Position", diff_string: "PositionDiff { x: Some(2), y: Some(3) }" }
      Modified { entity: Entity { id: 1, generation: 0 }, type_name: "Position", diff_string: "PositionDiff { x: Some(3), y: Some(4) }" }
      Modified { entity: Entity { id: 2, generation: 0 }, type_name: "Position", diff_string: "PositionDiff { x: Some(4), y: Some(5) }" }
    WORLD_OPERATIONS: 0
  SYSTEM 1
    COMPONENT_CHANGES: 0
    WORLD_OPERATIONS: 0
  SYSTEM 2
    COMPONENT_CHANGES: 0
    WORLD_OPERATIONS: 0

UPDATE 414
SYSTEMS: 3
  SYSTEM 0
    COMPONENT_CHANGES: 3
      Modified { entity: Entity { id: 0, generation: 0 }, type_name: "Position", diff_string: "PositionDiff { x: Some(3), y: Some(4) }" }
      Modified { entity: Entity { id: 1, generation: 0 }, type_name: "Position", diff_string: "PositionDiff { x: Some(4), y: Some(5) }" }
      Modified { entity: Entity { id: 2, generation: 0 }, type_name: "Position", diff_string: "PositionDiff { x: Some(5), y: Some(6) }" }
    WORLD_OPERATIONS: 0
  SYSTEM 1
    COMPONENT_CHANGES: 0
    WORLD_OPERATIONS: 0
  SYSTEM 2
    COMPONENT_CHANGES: 0
    WORLD_OPERATIONS: 0

UPDATE 415
SYSTEMS: 3
  SYSTEM 0
    COMPONENT_CHANGES: 3
      Modified { entity: Entity { id: 0, generation: 0 }, type_name: "Position", diff_string: "PositionDiff { x: Some(4), y: Some(5) }" }
      Modified { entity: Entity { id: 1, generation: 0 }, type_name: "Position", diff_string: "PositionDiff { x: Some(5), y: Some(6) }" }
      Modified { entity: Entity { id: 2, generation: 0 }, type_name: "Position", diff_string: "PositionDiff { x: Some(6), y: Some(7) }" }
    WORLD_OPERATIONS: 0
  SYSTEM 1
    COMPONENT_CHANGES: 0
    WORLD_OPERATIONS: 0
  SYSTEM 2
    COMPONENT_CHANGES: 0
    WORLD_OPERATIONS: 0

UPDATE 416
SYSTEMS: 3
  SYSTEM 0
    COMPONENT_CHANGES: 3
      Modified { entity: Entity { id: 0, generation: 0 }, type_name: "Position", diff_string: "PositionDiff { x: Some(5), y: Some(6) }" }
      Modified { entity: Entity { id: 1, generation: 0 }, type_name: "Position", diff_string: "PositionDiff { x: Some(6), y: Some(7) }" }
      Modified { entity: Entity { id: 2, generation: 0 }, type_name: "Position", diff_string: "PositionDiff { x: Some(7), y: Some(8) }" }
    WORLD_OPERATIONS: 0
  SYSTEM 1
    COMPONENT_CHANGES: 0
    WORLD_OPERATIONS: 0
  SYSTEM 2
    COMPONENT_CHANGES: 0
    WORLD_OPERATIONS: 0

UPDATE 417
SYSTEMS: 3
  SYSTEM 0
    COMPONENT_CHANGES: 3
      Modified { entity: Entity { id: 0, generation: 0 }, type_name: "Position", diff_string: "PositionDiff { x: Some(6), y: Some(7) }" }
      Modified { entity: Entity { id: 1, generation: 0 }, type_name: "Position", diff_string: "PositionDiff { x: Some(7), y: Some(8) }" }
      Modified { entity: Entity { id: 2, generation: 0 }, type_name: "Position", diff_string: "PositionDiff { x: Some(8), y: Some(9) }" }
    WORLD_OPERATIONS: 0
  SYSTEM 1
    COMPONENT_CHANGES: 0
    WORLD_OPERATIONS: 0
  SYSTEM 2
    COMPONENT_CHANGES: 0
    WORLD_OPERATIONS: 0

UPDATE 418
SYSTEMS: 3
  SYSTEM 0
    COMPONENT_CHANGES: 3
      Modified { entity: Entity { id: 0, generation: 0 }, type_name: "Position", diff_string: "PositionDiff { x: Some(7), y: Some(8) }" }
      Modified { entity: Entity { id: 1, generation: 0 }, type_name: "Position", diff_string: "PositionDiff { x: Some(8), y: Some(9) }" }
      Modified { entity: Entity { id: 2, generation: 0 }, type_name: "Position", diff_string: "PositionDiff { x: Some(9), y: Some(0) }" }
    WORLD_OPERATIONS: 0
  SYSTEM 1
    COMPONENT_CHANGES: 0
    WORLD_OPERATIONS: 0
  SYSTEM 2
    COMPONENT_CHANGES: 0
    WORLD_OPERATIONS: 0

UPDATE 419
SYSTEMS: 3
  SYSTEM 0
    COMPONENT_CHANGES: 3
      Modified { entity: Entity { id: 0, generation: 0 }, type_name: "Position", diff_string: "PositionDiff { x: Some(8), y: Some(9) }" }
      Modified { entity: Entity { id: 1, generation: 0 }, type_name: "Position", diff_string: "PositionDiff { x: Some(9), y: Some(0) }" }
      Modified { entity: Entity { id: 2, generation: 0 }, type_name: "Position", diff_string: "PositionDiff { x: Some(0), y: Some(1) }" }
    WORLD_OPERATIONS: 0
  SYSTEM 1
    COMPONENT_CHANGES: 0
    WORLD_OPERATIONS: 0
  SYSTEM 2
    COMPONENT_CHANGES: 0
    WORLD_OPERATIONS: 0

UPDATE 420
SYSTEMS: 3
  SYSTEM 0
    COMPONENT_CHANGES: 3
      Modified { entity: Entity { id: 0, generation: 0 }, type_name: "Position", diff_string: "PositionDiff { x: Some(9), y: Some(0) }" }
      Modified { entity: Entity { id: 1, generation: 0 }, type_name: "Position", diff_string: "PositionDiff { x: Some(0), y: Some(1) }" }
      Modified { entity: Entity { id: 2, generation: 0 }, type_name: "Position", diff_string: "PositionDiff { x: Some(1), y: Some(2) }" }
    WORLD_OPERATIONS: 0
  SYSTEM 1
    COMPONENT_CHANGES: 0
    WORLD_OPERATIONS: 0
  SYSTEM 2
    COMPONENT_CHANGES: 0
    WORLD_OPERATIONS: 0

UPDATE 421
SYSTEMS: 3
  SYSTEM 0
    COMPONENT_CHANGES: 3
      Modified { entity: Entity { id: 0, generation: 0 }, type_name: "Position", diff_string: "PositionDiff { x: Some(0), y: Some(1) }" }
      Modified { entity: Entity { id: 1, generation: 0 }, type_name: "Position", diff_string: "PositionDiff { x: Some(1), y: Some(2) }" }
      Modified { entity: Entity { id: 2, generation: 0 }, type_name: "Position", diff_string: "PositionDiff { x: Some(2), y: Some(3) }" }
    WORLD_OPERATIONS: 0
  SYSTEM 1
    COMPONENT_CHANGES: 1
      Modified { entity: Entity { id: 0, generation: 0 }, type_name: "WaitTimer", diff_string: "WaitTimerDiff { ticks: Some(5) }" }
    WORLD_OPERATIONS: 0
  SYSTEM 2
    COMPONENT_CHANGES: 0
    WORLD_OPERATIONS: 0

UPDATE 422
SYSTEMS: 3
  SYSTEM 0
    COMPONENT_CHANGES: 3
      Modified { entity: Entity { id: 0, generation: 0 }, type_name: "Position", diff_string: "PositionDiff { x: Some(1), y: Some(2) }" }
      Modified { entity: Entity { id: 1, generation: 0 }, type_name: "Position", diff_string: "PositionDiff { x: Some(2), y: Some(3) }" }
      Modified { entity: Entity { id: 2, generation: 0 }, type_name: "Position", diff_string: "PositionDiff { x: Some(3), y: Some(4) }" }
    WORLD_OPERATIONS: 0
  SYSTEM 1
    COMPONENT_CHANGES: 0
    WORLD_OPERATIONS: 0
  SYSTEM 2
    COMPONENT_CHANGES: 0
    WORLD_OPERATIONS: 0

UPDATE 423
SYSTEMS: 3
  SYSTEM 0
    COMPONENT_CHANGES: 3
      Modified { entity: Entity { id: 0, generation: 0 }, type_name: "Position", diff_string: "PositionDiff { x: Some(2), y: Some(3) }" }
      Modified { entity: Entity { id: 1, generation: 0 }, type_name: "Position", diff_string: "PositionDiff { x: Some(3), y: Some(4) }" }
      Modified { entity: Entity { id: 2, generation: 0 }, type_name: "Position", diff_string: "PositionDiff { x: Some(4), y: Some(5) }" }
    WORLD_OPERATIONS: 0
  SYSTEM 1
    COMPONENT_CHANGES: 0
    WORLD_OPERATIONS: 0
  SYSTEM 2
    COMPONENT_CHANGES: 0
    WORLD_OPERATIONS: 0

UPDATE 424
SYSTEMS: 3
  SYSTEM 0
    COMPONENT_CHANGES: 3
      Modified { entity: Entity { id: 0, generation: 0 }, type_name: "Position", diff_string: "PositionDiff { x: Some(3), y: Some(4) }" }
      Modified { entity: Entity { id: 1, generation: 0 }, type_name: "Position", diff_string: "PositionDiff { x: Some(4), y: Some(5) }" }
      Modified { entity: Entity { id: 2, generation: 0 }, type_name: "Position", diff_string: "PositionDiff { x: Some(5), y: Some(6) }" }
    WORLD_OPERATIONS: 0
  SYSTEM 1
    COMPONENT_CHANGES: 0
    WORLD_OPERATIONS: 0
  SYSTEM 2
    COMPONENT_CHANGES: 0
    WORLD_OPERATIONS: 0

UPDATE 425
SYSTEMS: 3
  SYSTEM 0
    COMPONENT_CHANGES: 3
      Modified { entity: Entity { id: 0, generation: 0 }, type_name: "Position", diff_string: "PositionDiff { x: Some(4), y: Some(5) }" }
      Modified { entity: Entity { id: 1, generation: 0 }, type_name: "Position", diff_string: "PositionDiff { x: Some(5), y: Some(6) }" }
      Modified { entity: Entity { id: 2, generation: 0 }, type_name: "Position", diff_string: "PositionDiff { x: Some(6), y: Some(7) }" }
    WORLD_OPERATIONS: 0
  SYSTEM 1
    COMPONENT_CHANGES: 0
    WORLD_OPERATIONS: 0
  SYSTEM 2
    COMPONENT_CHANGES: 0
    WORLD_OPERATIONS: 0

UPDATE 426
SYSTEMS: 3
  SYSTEM 0
    COMPONENT_CHANGES: 3
      Modified { entity: Entity { id: 0, generation: 0 }, type_name: "Position", diff_string: "PositionDiff { x: Some(5), y: Some(6) }" }
      Modified { entity: Entity { id: 1, generation: 0 }, type_name: "Position", diff_string: "PositionDiff { x: Some(6), y: Some(7) }" }
      Modified { entity: Entity { id: 2, generation: 0 }, type_name: "Position", diff_string: "PositionDiff { x: Some(7), y: Some(8) }" }
    WORLD_OPERATIONS: 0
  SYSTEM 1
    COMPONENT_CHANGES: 0
    WORLD_OPERATIONS: 0
  SYSTEM 2
    COMPONENT_CHANGES: 0
    WORLD_OPERATIONS: 0

UPDATE 427
SYSTEMS: 3
  SYSTEM 0
    COMPONENT_CHANGES: 3
      Modified { entity: Entity { id: 0, generation: 0 }, type_name: "Position", diff_string: "PositionDiff { x: Some(6), y: Some(7) }" }
      Modified { entity: Entity { id: 1, generation: 0 }, type_name: "Position", diff_string: "PositionDiff { x: Some(7), y: Some(8) }" }
      Modified { entity: Entity { id: 2, generation: 0 }, type_name: "Position", diff_string: "PositionDiff { x: Some(8), y: Some(9) }" }
    WORLD_OPERATIONS: 0
  SYSTEM 1
    COMPONENT_CHANGES: 0
    WORLD_OPERATIONS: 0
  SYSTEM 2
    COMPONENT_CHANGES: 0
    WORLD_OPERATIONS: 0

UPDATE 428
SYSTEMS: 3
  SYSTEM 0
    COMPONENT_CHANGES: 3
      Modified { entity: Entity { id: 0, generation: 0 }, type_name: "Position", diff_string: "PositionDiff { x: Some(7), y: Some(8) }" }
      Modified { entity: Entity { id: 1, generation: 0 }, type_name: "Position", diff_string: "PositionDiff { x: Some(8), y: Some(9) }" }
      Modified { entity: Entity { id: 2, generation: 0 }, type_name: "Position", diff_string: "PositionDiff { x: Some(9), y: Some(0) }" }
    WORLD_OPERATIONS: 0
  SYSTEM 1
    COMPONENT_CHANGES: 0
    WORLD_OPERATIONS: 0
  SYSTEM 2
    COMPONENT_CHANGES: 0
    WORLD_OPERATIONS: 0

UPDATE 429
SYSTEMS: 3
  SYSTEM 0
    COMPONENT_CHANGES: 3
      Modified { entity: Entity { id: 0, generation: 0 }, type_name: "Position", diff_string: "PositionDiff { x: Some(8), y: Some(9) }" }
      Modified { entity: Entity { id: 1, generation: 0 }, type_name: "Position", diff_string: "PositionDiff { x: Some(9), y: Some(0) }" }
      Modified { entity: Entity { id: 2, generation: 0 }, type_name: "Position", diff_string: "PositionDiff { x: Some(0), y: Some(1) }" }
    WORLD_OPERATIONS: 0
  SYSTEM 1
    COMPONENT_CHANGES: 0
    WORLD_OPERATIONS: 0
  SYSTEM 2
    COMPONENT_CHANGES: 0
    WORLD_OPERATIONS: 0

UPDATE 430
SYSTEMS: 3
  SYSTEM 0
    COMPONENT_CHANGES: 3
      Modified { entity: Entity { id: 0, generation: 0 }, type_name: "Position", diff_string: "PositionDiff { x: Some(9), y: Some(0) }" }
      Modified { entity: Entity { id: 1, generation: 0 }, type_name: "Position", diff_string: "PositionDiff { x: Some(0), y: Some(1) }" }
      Modified { entity: Entity { id: 2, generation: 0 }, type_name: "Position", diff_string: "PositionDiff { x: Some(1), y: Some(2) }" }
    WORLD_OPERATIONS: 0
  SYSTEM 1
    COMPONENT_CHANGES: 0
    WORLD_OPERATIONS: 0
  SYSTEM 2
    COMPONENT_CHANGES: 0
    WORLD_OPERATIONS: 0

UPDATE 431
SYSTEMS: 3
  SYSTEM 0
    COMPONENT_CHANGES: 3
      Modified { entity: Entity { id: 0, generation: 0 }, type_name: "Position", diff_string: "PositionDiff { x: Some(0), y: Some(1) }" }
      Modified { entity: Entity { id: 1, generation: 0 }, type_name: "Position", diff_string: "PositionDiff { x: Some(1), y: Some(2) }" }
      Modified { entity: Entity { id: 2, generation: 0 }, type_name: "Position", diff_string: "PositionDiff { x: Some(2), y: Some(3) }" }
    WORLD_OPERATIONS: 0
  SYSTEM 1
    COMPONENT_CHANGES: 1
      Modified { entity: Entity { id: 0, generation: 0 }, type_name: "WaitTimer", diff_string: "WaitTimerDiff { ticks: Some(5) }" }
    WORLD_OPERATIONS: 0
  SYSTEM 2
    COMPONENT_CHANGES: 0
    WORLD_OPERATIONS: 0

UPDATE 432
SYSTEMS: 3
  SYSTEM 0
    COMPONENT_CHANGES: 3
      Modified { entity: Entity { id: 0, generation: 0 }, type_name: "Position", diff_string: "PositionDiff { x: Some(1), y: Some(2) }" }
      Modified { entity: Entity { id: 1, generation: 0 }, type_name: "Position", diff_string: "PositionDiff { x: Some(2), y: Some(3) }" }
      Modified { entity: Entity { id: 2, generation: 0 }, type_name: "Position", diff_string: "PositionDiff { x: Some(3), y: Some(4) }" }
    WORLD_OPERATIONS: 0
  SYSTEM 1
    COMPONENT_CHANGES: 0
    WORLD_OPERATIONS: 0
  SYSTEM 2
    COMPONENT_CHANGES: 0
    WORLD_OPERATIONS: 0

UPDATE 433
SYSTEMS: 3
  SYSTEM 0
    COMPONENT_CHANGES: 3
      Modified { entity: Entity { id: 0, generation: 0 }, type_name: "Position", diff_string: "PositionDiff { x: Some(2), y: Some(3) }" }
      Modified { entity: Entity { id: 1, generation: 0 }, type_name: "Position", diff_string: "PositionDiff { x: Some(3), y: Some(4) }" }
      Modified { entity: Entity { id: 2, generation: 0 }, type_name: "Position", diff_string: "PositionDiff { x: Some(4), y: Some(5) }" }
    WORLD_OPERATIONS: 0
  SYSTEM 1
    COMPONENT_CHANGES: 0
    WORLD_OPERATIONS: 0
  SYSTEM 2
    COMPONENT_CHANGES: 0
    WORLD_OPERATIONS: 0

UPDATE 434
SYSTEMS: 3
  SYSTEM 0
    COMPONENT_CHANGES: 3
      Modified { entity: Entity { id: 0, generation: 0 }, type_name: "Position", diff_string: "PositionDiff { x: Some(3), y: Some(4) }" }
      Modified { entity: Entity { id: 1, generation: 0 }, type_name: "Position", diff_string: "PositionDiff { x: Some(4), y: Some(5) }" }
      Modified { entity: Entity { id: 2, generation: 0 }, type_name: "Position", diff_string: "PositionDiff { x: Some(5), y: Some(6) }" }
    WORLD_OPERATIONS: 0
  SYSTEM 1
    COMPONENT_CHANGES: 0
    WORLD_OPERATIONS: 0
  SYSTEM 2
    COMPONENT_CHANGES: 0
    WORLD_OPERATIONS: 0

UPDATE 435
SYSTEMS: 3
  SYSTEM 0
    COMPONENT_CHANGES: 3
      Modified { entity: Entity { id: 0, generation: 0 }, type_name: "Position", diff_string: "PositionDiff { x: Some(4), y: Some(5) }" }
      Modified { entity: Entity { id: 1, generation: 0 }, type_name: "Position", diff_string: "PositionDiff { x: Some(5), y: Some(6) }" }
      Modified { entity: Entity { id: 2, generation: 0 }, type_name: "Position", diff_string: "PositionDiff { x: Some(6), y: Some(7) }" }
    WORLD_OPERATIONS: 0
  SYSTEM 1
    COMPONENT_CHANGES: 0
    WORLD_OPERATIONS: 0
  SYSTEM 2
    COMPONENT_CHANGES: 0
    WORLD_OPERATIONS: 0

UPDATE 436
SYSTEMS: 3
  SYSTEM 0
    COMPONENT_CHANGES: 3
      Modified { entity: Entity { id: 0, generation: 0 }, type_name: "Position", diff_string: "PositionDiff { x: Some(5), y: Some(6) }" }
      Modified { entity: Entity { id: 1, generation: 0 }, type_name: "Position", diff_string: "PositionDiff { x: Some(6), y: Some(7) }" }
      Modified { entity: Entity { id: 2, generation: 0 }, type_name: "Position", diff_string: "PositionDiff { x: Some(7), y: Some(8) }" }
    WORLD_OPERATIONS: 0
  SYSTEM 1
    COMPONENT_CHANGES: 0
    WORLD_OPERATIONS: 0
  SYSTEM 2
    COMPONENT_CHANGES: 0
    WORLD_OPERATIONS: 0

UPDATE 437
SYSTEMS: 3
  SYSTEM 0
    COMPONENT_CHANGES: 3
      Modified { entity: Entity { id: 0, generation: 0 }, type_name: "Position", diff_string: "PositionDiff { x: Some(6), y: Some(7) }" }
      Modified { entity: Entity { id: 1, generation: 0 }, type_name: "Position", diff_string: "PositionDiff { x: Some(7), y: Some(8) }" }
      Modified { entity: Entity { id: 2, generation: 0 }, type_name: "Position", diff_string: "PositionDiff { x: Some(8), y: Some(9) }" }
    WORLD_OPERATIONS: 0
  SYSTEM 1
    COMPONENT_CHANGES: 0
    WORLD_OPERATIONS: 0
  SYSTEM 2
    COMPONENT_CHANGES: 0
    WORLD_OPERATIONS: 0

UPDATE 438
SYSTEMS: 3
  SYSTEM 0
    COMPONENT_CHANGES: 3
      Modified { entity: Entity { id: 0, generation: 0 }, type_name: "Position", diff_string: "PositionDiff { x: Some(7), y: Some(8) }" }
      Modified { entity: Entity { id: 1, generation: 0 }, type_name: "Position", diff_string: "PositionDiff { x: Some(8), y: Some(9) }" }
      Modified { entity: Entity { id: 2, generation: 0 }, type_name: "Position", diff_string: "PositionDiff { x: Some(9), y: Some(0) }" }
    WORLD_OPERATIONS: 0
  SYSTEM 1
    COMPONENT_CHANGES: 0
    WORLD_OPERATIONS: 0
  SYSTEM 2
    COMPONENT_CHANGES: 0
    WORLD_OPERATIONS: 0

UPDATE 439
SYSTEMS: 3
  SYSTEM 0
    COMPONENT_CHANGES: 3
      Modified { entity: Entity { id: 0, generation: 0 }, type_name: "Position", diff_string: "PositionDiff { x: Some(8), y: Some(9) }" }
      Modified { entity: Entity { id: 1, generation: 0 }, type_name: "Position", diff_string: "PositionDiff { x: Some(9), y: Some(0) }" }
      Modified { entity: Entity { id: 2, generation: 0 }, type_name: "Position", diff_string: "PositionDiff { x: Some(0), y: Some(1) }" }
    WORLD_OPERATIONS: 0
  SYSTEM 1
    COMPONENT_CHANGES: 0
    WORLD_OPERATIONS: 0
  SYSTEM 2
    COMPONENT_CHANGES: 0
    WORLD_OPERATIONS: 0

UPDATE 440
SYSTEMS: 3
  SYSTEM 0
    COMPONENT_CHANGES: 3
      Modified { entity: Entity { id: 0, generation: 0 }, type_name: "Position", diff_string: "PositionDiff { x: Some(9), y: Some(0) }" }
      Modified { entity: Entity { id: 1, generation: 0 }, type_name: "Position", diff_string: "PositionDiff { x: Some(0), y: Some(1) }" }
      Modified { entity: Entity { id: 2, generation: 0 }, type_name: "Position", diff_string: "PositionDiff { x: Some(1), y: Some(2) }" }
    WORLD_OPERATIONS: 0
  SYSTEM 1
    COMPONENT_CHANGES: 0
    WORLD_OPERATIONS: 0
  SYSTEM 2
    COMPONENT_CHANGES: 0
    WORLD_OPERATIONS: 0

UPDATE 441
SYSTEMS: 3
  SYSTEM 0
    COMPONENT_CHANGES: 3
      Modified { entity: Entity { id: 0, generation: 0 }, type_name: "Position", diff_string: "PositionDiff { x: Some(0), y: Some(1) }" }
      Modified { entity: Entity { id: 1, generation: 0 }, type_name: "Position", diff_string: "PositionDiff { x: Some(1), y: Some(2) }" }
      Modified { entity: Entity { id: 2, generation: 0 }, type_name: "Position", diff_string: "PositionDiff { x: Some(2), y: Some(3) }" }
    WORLD_OPERATIONS: 0
  SYSTEM 1
    COMPONENT_CHANGES: 1
      Modified { entity: Entity { id: 0, generation: 0 }, type_name: "WaitTimer", diff_string: "WaitTimerDiff { ticks: Some(5) }" }
    WORLD_OPERATIONS: 0
  SYSTEM 2
    COMPONENT_CHANGES: 0
    WORLD_OPERATIONS: 0

UPDATE 442
SYSTEMS: 3
  SYSTEM 0
    COMPONENT_CHANGES: 3
      Modified { entity: Entity { id: 0, generation: 0 }, type_name: "Position", diff_string: "PositionDiff { x: Some(1), y: Some(2) }" }
      Modified { entity: Entity { id: 1, generation: 0 }, type_name: "Position", diff_string: "PositionDiff { x: Some(2), y: Some(3) }" }
      Modified { entity: Entity { id: 2, generation: 0 }, type_name: "Position", diff_string: "PositionDiff { x: Some(3), y: Some(4) }" }
    WORLD_OPERATIONS: 0
  SYSTEM 1
    COMPONENT_CHANGES: 0
    WORLD_OPERATIONS: 0
  SYSTEM 2
    COMPONENT_CHANGES: 0
    WORLD_OPERATIONS: 0

UPDATE 443
SYSTEMS: 3
  SYSTEM 0
    COMPONENT_CHANGES: 3
      Modified { entity: Entity { id: 0, generation: 0 }, type_name: "Position", diff_string: "PositionDiff { x: Some(2), y: Some(3) }" }
      Modified { entity: Entity { id: 1, generation: 0 }, type_name: "Position", diff_string: "PositionDiff { x: Some(3), y: Some(4) }" }
      Modified { entity: Entity { id: 2, generation: 0 }, type_name: "Position", diff_string: "PositionDiff { x: Some(4), y: Some(5) }" }
    WORLD_OPERATIONS: 0
  SYSTEM 1
    COMPONENT_CHANGES: 0
    WORLD_OPERATIONS: 0
  SYSTEM 2
    COMPONENT_CHANGES: 0
    WORLD_OPERATIONS: 0

UPDATE 444
SYSTEMS: 3
  SYSTEM 0
    COMPONENT_CHANGES: 3
      Modified { entity: Entity { id: 0, generation: 0 }, type_name: "Position", diff_string: "PositionDiff { x: Some(3), y: Some(4) }" }
      Modified { entity: Entity { id: 1, generation: 0 }, type_name: "Position", diff_string: "PositionDiff { x: Some(4), y: Some(5) }" }
      Modified { entity: Entity { id: 2, generation: 0 }, type_name: "Position", diff_string: "PositionDiff { x: Some(5), y: Some(6) }" }
    WORLD_OPERATIONS: 0
  SYSTEM 1
    COMPONENT_CHANGES: 0
    WORLD_OPERATIONS: 0
  SYSTEM 2
    COMPONENT_CHANGES: 0
    WORLD_OPERATIONS: 0

UPDATE 445
SYSTEMS: 3
  SYSTEM 0
    COMPONENT_CHANGES: 3
      Modified { entity: Entity { id: 0, generation: 0 }, type_name: "Position", diff_string: "PositionDiff { x: Some(4), y: Some(5) }" }
      Modified { entity: Entity { id: 1, generation: 0 }, type_name: "Position", diff_string: "PositionDiff { x: Some(5), y: Some(6) }" }
      Modified { entity: Entity { id: 2, generation: 0 }, type_name: "Position", diff_string: "PositionDiff { x: Some(6), y: Some(7) }" }
    WORLD_OPERATIONS: 0
  SYSTEM 1
    COMPONENT_CHANGES: 0
    WORLD_OPERATIONS: 0
  SYSTEM 2
    COMPONENT_CHANGES: 0
    WORLD_OPERATIONS: 0

UPDATE 446
SYSTEMS: 3
  SYSTEM 0
    COMPONENT_CHANGES: 3
      Modified { entity: Entity { id: 0, generation: 0 }, type_name: "Position", diff_string: "PositionDiff { x: Some(5), y: Some(6) }" }
      Modified { entity: Entity { id: 1, generation: 0 }, type_name: "Position", diff_string: "PositionDiff { x: Some(6), y: Some(7) }" }
      Modified { entity: Entity { id: 2, generation: 0 }, type_name: "Position", diff_string: "PositionDiff { x: Some(7), y: Some(8) }" }
    WORLD_OPERATIONS: 0
  SYSTEM 1
    COMPONENT_CHANGES: 0
    WORLD_OPERATIONS: 0
  SYSTEM 2
    COMPONENT_CHANGES: 0
    WORLD_OPERATIONS: 0

UPDATE 447
SYSTEMS: 3
  SYSTEM 0
    COMPONENT_CHANGES: 3
      Modified { entity: Entity { id: 0, generation: 0 }, type_name: "Position", diff_string: "PositionDiff { x: Some(6), y: Some(7) }" }
      Modified { entity: Entity { id: 1, generation: 0 }, type_name: "Position", diff_string: "PositionDiff { x: Some(7), y: Some(8) }" }
      Modified { entity: Entity { id: 2, generation: 0 }, type_name: "Position", diff_string: "PositionDiff { x: Some(8), y: Some(9) }" }
    WORLD_OPERATIONS: 0
  SYSTEM 1
    COMPONENT_CHANGES: 0
    WORLD_OPERATIONS: 0
  SYSTEM 2
    COMPONENT_CHANGES: 0
    WORLD_OPERATIONS: 0

UPDATE 448
SYSTEMS: 3
  SYSTEM 0
    COMPONENT_CHANGES: 3
      Modified { entity: Entity { id: 0, generation: 0 }, type_name: "Position", diff_string: "PositionDiff { x: Some(7), y: Some(8) }" }
      Modified { entity: Entity { id: 1, generation: 0 }, type_name: "Position", diff_string: "PositionDiff { x: Some(8), y: Some(9) }" }
      Modified { entity: Entity { id: 2, generation: 0 }, type_name: "Position", diff_string: "PositionDiff { x: Some(9), y: Some(0) }" }
    WORLD_OPERATIONS: 0
  SYSTEM 1
    COMPONENT_CHANGES: 0
    WORLD_OPERATIONS: 0
  SYSTEM 2
    COMPONENT_CHANGES: 0
    WORLD_OPERATIONS: 0

UPDATE 449
SYSTEMS: 3
  SYSTEM 0
    COMPONENT_CHANGES: 3
      Modified { entity: Entity { id: 0, generation: 0 }, type_name: "Position", diff_string: "PositionDiff { x: Some(8), y: Some(9) }" }
      Modified { entity: Entity { id: 1, generation: 0 }, type_name: "Position", diff_string: "PositionDiff { x: Some(9), y: Some(0) }" }
      Modified { entity: Entity { id: 2, generation: 0 }, type_name: "Position", diff_string: "PositionDiff { x: Some(0), y: Some(1) }" }
    WORLD_OPERATIONS: 0
  SYSTEM 1
    COMPONENT_CHANGES: 0
    WORLD_OPERATIONS: 0
  SYSTEM 2
    COMPONENT_CHANGES: 0
    WORLD_OPERATIONS: 0

UPDATE 450
SYSTEMS: 3
  SYSTEM 0
    COMPONENT_CHANGES: 3
      Modified { entity: Entity { id: 0, generation: 0 }, type_name: "Position", diff_string: "PositionDiff { x: Some(9), y: Some(0) }" }
      Modified { entity: Entity { id: 1, generation: 0 }, type_name: "Position", diff_string: "PositionDiff { x: Some(0), y: Some(1) }" }
      Modified { entity: Entity { id: 2, generation: 0 }, type_name: "Position", diff_string: "PositionDiff { x: Some(1), y: Some(2) }" }
    WORLD_OPERATIONS: 0
  SYSTEM 1
    COMPONENT_CHANGES: 0
    WORLD_OPERATIONS: 0
  SYSTEM 2
    COMPONENT_CHANGES: 0
    WORLD_OPERATIONS: 0

UPDATE 451
SYSTEMS: 3
  SYSTEM 0
    COMPONENT_CHANGES: 3
      Modified { entity: Entity { id: 0, generation: 0 }, type_name: "Position", diff_string: "PositionDiff { x: Some(0), y: Some(1) }" }
      Modified { entity: Entity { id: 1, generation: 0 }, type_name: "Position", diff_string: "PositionDiff { x: Some(1), y: Some(2) }" }
      Modified { entity: Entity { id: 2, generation: 0 }, type_name: "Position", diff_string: "PositionDiff { x: Some(2), y: Some(3) }" }
    WORLD_OPERATIONS: 0
  SYSTEM 1
    COMPONENT_CHANGES: 1
      Modified { entity: Entity { id: 0, generation: 0 }, type_name: "WaitTimer", diff_string: "WaitTimerDiff { ticks: Some(5) }" }
    WORLD_OPERATIONS: 0
  SYSTEM 2
    COMPONENT_CHANGES: 0
    WORLD_OPERATIONS: 0

UPDATE 452
SYSTEMS: 3
  SYSTEM 0
    COMPONENT_CHANGES: 3
      Modified { entity: Entity { id: 0, generation: 0 }, type_name: "Position", diff_string: "PositionDiff { x: Some(1), y: Some(2) }" }
      Modified { entity: Entity { id: 1, generation: 0 }, type_name: "Position", diff_string: "PositionDiff { x: Some(2), y: Some(3) }" }
      Modified { entity: Entity { id: 2, generation: 0 }, type_name: "Position", diff_string: "PositionDiff { x: Some(3), y: Some(4) }" }
    WORLD_OPERATIONS: 0
  SYSTEM 1
    COMPONENT_CHANGES: 0
    WORLD_OPERATIONS: 0
  SYSTEM 2
    COMPONENT_CHANGES: 0
    WORLD_OPERATIONS: 0

UPDATE 453
SYSTEMS: 3
  SYSTEM 0
    COMPONENT_CHANGES: 3
      Modified { entity: Entity { id: 0, generation: 0 }, type_name: "Position", diff_string: "PositionDiff { x: Some(2), y: Some(3) }" }
      Modified { entity: Entity { id: 1, generation: 0 }, type_name: "Position", diff_string: "PositionDiff { x: Some(3), y: Some(4) }" }
      Modified { entity: Entity { id: 2, generation: 0 }, type_name: "Position", diff_string: "PositionDiff { x: Some(4), y: Some(5) }" }
    WORLD_OPERATIONS: 0
  SYSTEM 1
    COMPONENT_CHANGES: 0
    WORLD_OPERATIONS: 0
  SYSTEM 2
    COMPONENT_CHANGES: 0
    WORLD_OPERATIONS: 0

UPDATE 454
SYSTEMS: 3
  SYSTEM 0
    COMPONENT_CHANGES: 3
      Modified { entity: Entity { id: 0, generation: 0 }, type_name: "Position", diff_string: "PositionDiff { x: Some(3), y: Some(4) }" }
      Modified { entity: Entity { id: 1, generation: 0 }, type_name: "Position", diff_string: "PositionDiff { x: Some(4), y: Some(5) }" }
      Modified { entity: Entity { id: 2, generation: 0 }, type_name: "Position", diff_string: "PositionDiff { x: Some(5), y: Some(6) }" }
    WORLD_OPERATIONS: 0
  SYSTEM 1
    COMPONENT_CHANGES: 0
    WORLD_OPERATIONS: 0
  SYSTEM 2
    COMPONENT_CHANGES: 0
    WORLD_OPERATIONS: 0

UPDATE 455
SYSTEMS: 3
  SYSTEM 0
    COMPONENT_CHANGES: 3
      Modified { entity: Entity { id: 0, generation: 0 }, type_name: "Position", diff_string: "PositionDiff { x: Some(4), y: Some(5) }" }
      Modified { entity: Entity { id: 1, generation: 0 }, type_name: "Position", diff_string: "PositionDiff { x: Some(5), y: Some(6) }" }
      Modified { entity: Entity { id: 2, generation: 0 }, type_name: "Position", diff_string: "PositionDiff { x: Some(6), y: Some(7) }" }
    WORLD_OPERATIONS: 0
  SYSTEM 1
    COMPONENT_CHANGES: 0
    WORLD_OPERATIONS: 0
  SYSTEM 2
    COMPONENT_CHANGES: 0
    WORLD_OPERATIONS: 0

UPDATE 456
SYSTEMS: 3
  SYSTEM 0
    COMPONENT_CHANGES: 3
      Modified { entity: Entity { id: 0, generation: 0 }, type_name: "Position", diff_string: "PositionDiff { x: Some(5), y: Some(6) }" }
      Modified { entity: Entity { id: 1, generation: 0 }, type_name: "Position", diff_string: "PositionDiff { x: Some(6), y: Some(7) }" }
      Modified { entity: Entity { id: 2, generation: 0 }, type_name: "Position", diff_string: "PositionDiff { x: Some(7), y: Some(8) }" }
    WORLD_OPERATIONS: 0
  SYSTEM 1
    COMPONENT_CHANGES: 0
    WORLD_OPERATIONS: 0
  SYSTEM 2
    COMPONENT_CHANGES: 0
    WORLD_OPERATIONS: 0

UPDATE 457
SYSTEMS: 3
  SYSTEM 0
    COMPONENT_CHANGES: 3
      Modified { entity: Entity { id: 0, generation: 0 }, type_name: "Position", diff_string: "PositionDiff { x: Some(6), y: Some(7) }" }
      Modified { entity: Entity { id: 1, generation: 0 }, type_name: "Position", diff_string: "PositionDiff { x: Some(7), y: Some(8) }" }
      Modified { entity: Entity { id: 2, generation: 0 }, type_name: "Position", diff_string: "PositionDiff { x: Some(8), y: Some(9) }" }
    WORLD_OPERATIONS: 0
  SYSTEM 1
    COMPONENT_CHANGES: 0
    WORLD_OPERATIONS: 0
  SYSTEM 2
    COMPONENT_CHANGES: 0
    WORLD_OPERATIONS: 0

UPDATE 458
SYSTEMS: 3
  SYSTEM 0
    COMPONENT_CHANGES: 3
      Modified { entity: Entity { id: 0, generation: 0 }, type_name: "Position", diff_string: "PositionDiff { x: Some(7), y: Some(8) }" }
      Modified { entity: Entity { id: 1, generation: 0 }, type_name: "Position", diff_string: "PositionDiff { x: Some(8), y: Some(9) }" }
      Modified { entity: Entity { id: 2, generation: 0 }, type_name: "Position", diff_string: "PositionDiff { x: Some(9), y: Some(0) }" }
    WORLD_OPERATIONS: 0
  SYSTEM 1
    COMPONENT_CHANGES: 0
    WORLD_OPERATIONS: 0
  SYSTEM 2
    COMPONENT_CHANGES: 0
    WORLD_OPERATIONS: 0

UPDATE 459
SYSTEMS: 3
  SYSTEM 0
    COMPONENT_CHANGES: 3
      Modified { entity: Entity { id: 0, generation: 0 }, type_name: "Position", diff_string: "PositionDiff { x: Some(8), y: Some(9) }" }
      Modified { entity: Entity { id: 1, generation: 0 }, type_name: "Position", diff_string: "PositionDiff { x: Some(9), y: Some(0) }" }
      Modified { entity: Entity { id: 2, generation: 0 }, type_name: "Position", diff_string: "PositionDiff { x: Some(0), y: Some(1) }" }
    WORLD_OPERATIONS: 0
  SYSTEM 1
    COMPONENT_CHANGES: 0
    WORLD_OPERATIONS: 0
  SYSTEM 2
    COMPONENT_CHANGES: 0
    WORLD_OPERATIONS: 0

UPDATE 460
SYSTEMS: 3
  SYSTEM 0
    COMPONENT_CHANGES: 3
      Modified { entity: Entity { id: 0, generation: 0 }, type_name: "Position", diff_string: "PositionDiff { x: Some(9), y: Some(0) }" }
      Modified { entity: Entity { id: 1, generation: 0 }, type_name: "Position", diff_string: "PositionDiff { x: Some(0), y: Some(1) }" }
      Modified { entity: Entity { id: 2, generation: 0 }, type_name: "Position", diff_string: "PositionDiff { x: Some(1), y: Some(2) }" }
    WORLD_OPERATIONS: 0
  SYSTEM 1
    COMPONENT_CHANGES: 0
    WORLD_OPERATIONS: 0
  SYSTEM 2
    COMPONENT_CHANGES: 0
    WORLD_OPERATIONS: 0

UPDATE 461
SYSTEMS: 3
  SYSTEM 0
    COMPONENT_CHANGES: 3
      Modified { entity: Entity { id: 0, generation: 0 }, type_name: "Position", diff_string: "PositionDiff { x: Some(0), y: Some(1) }" }
      Modified { entity: Entity { id: 1, generation: 0 }, type_name: "Position", diff_string: "PositionDiff { x: Some(1), y: Some(2) }" }
      Modified { entity: Entity { id: 2, generation: 0 }, type_name: "Position", diff_string: "PositionDiff { x: Some(2), y: Some(3) }" }
    WORLD_OPERATIONS: 0
  SYSTEM 1
    COMPONENT_CHANGES: 1
      Modified { entity: Entity { id: 0, generation: 0 }, type_name: "WaitTimer", diff_string: "WaitTimerDiff { ticks: Some(5) }" }
    WORLD_OPERATIONS: 0
  SYSTEM 2
    COMPONENT_CHANGES: 0
    WORLD_OPERATIONS: 0

UPDATE 462
SYSTEMS: 3
  SYSTEM 0
    COMPONENT_CHANGES: 3
      Modified { entity: Entity { id: 0, generation: 0 }, type_name: "Position", diff_string: "PositionDiff { x: Some(1), y: Some(2) }" }
      Modified { entity: Entity { id: 1, generation: 0 }, type_name: "Position", diff_string: "PositionDiff { x: Some(2), y: Some(3) }" }
      Modified { entity: Entity { id: 2, generation: 0 }, type_name: "Position", diff_string: "PositionDiff { x: Some(3), y: Some(4) }" }
    WORLD_OPERATIONS: 0
  SYSTEM 1
    COMPONENT_CHANGES: 0
    WORLD_OPERATIONS: 0
  SYSTEM 2
    COMPONENT_CHANGES: 0
    WORLD_OPERATIONS: 0

UPDATE 463
SYSTEMS: 3
  SYSTEM 0
    COMPONENT_CHANGES: 3
      Modified { entity: Entity { id: 0, generation: 0 }, type_name: "Position", diff_string: "PositionDiff { x: Some(2), y: Some(3) }" }
      Modified { entity: Entity { id: 1, generation: 0 }, type_name: "Position", diff_string: "PositionDiff { x: Some(3), y: Some(4) }" }
      Modified { entity: Entity { id: 2, generation: 0 }, type_name: "Position", diff_string: "PositionDiff { x: Some(4), y: Some(5) }" }
    WORLD_OPERATIONS: 0
  SYSTEM 1
    COMPONENT_CHANGES: 0
    WORLD_OPERATIONS: 0
  SYSTEM 2
    COMPONENT_CHANGES: 0
    WORLD_OPERATIONS: 0

UPDATE 464
SYSTEMS: 3
  SYSTEM 0
    COMPONENT_CHANGES: 3
      Modified { entity: Entity { id: 0, generation: 0 }, type_name: "Position", diff_string: "PositionDiff { x: Some(3), y: Some(4) }" }
      Modified { entity: Entity { id: 1, generation: 0 }, type_name: "Position", diff_string: "PositionDiff { x: Some(4), y: Some(5) }" }
      Modified { entity: Entity { id: 2, generation: 0 }, type_name: "Position", diff_string: "PositionDiff { x: Some(5), y: Some(6) }" }
    WORLD_OPERATIONS: 0
  SYSTEM 1
    COMPONENT_CHANGES: 0
    WORLD_OPERATIONS: 0
  SYSTEM 2
    COMPONENT_CHANGES: 0
    WORLD_OPERATIONS: 0

UPDATE 465
SYSTEMS: 3
  SYSTEM 0
    COMPONENT_CHANGES: 3
      Modified { entity: Entity { id: 0, generation: 0 }, type_name: "Position", diff_string: "PositionDiff { x: Some(4), y: Some(5) }" }
      Modified { entity: Entity { id: 1, generation: 0 }, type_name: "Position", diff_string: "PositionDiff { x: Some(5), y: Some(6) }" }
      Modified { entity: Entity { id: 2, generation: 0 }, type_name: "Position", diff_string: "PositionDiff { x: Some(6), y: Some(7) }" }
    WORLD_OPERATIONS: 0
  SYSTEM 1
    COMPONENT_CHANGES: 0
    WORLD_OPERATIONS: 0
  SYSTEM 2
    COMPONENT_CHANGES: 0
    WORLD_OPERATIONS: 0

UPDATE 466
SYSTEMS: 3
  SYSTEM 0
    COMPONENT_CHANGES: 3
      Modified { entity: Entity { id: 0, generation: 0 }, type_name: "Position", diff_string: "PositionDiff { x: Some(5), y: Some(6) }" }
      Modified { entity: Entity { id: 1, generation: 0 }, type_name: "Position", diff_string: "PositionDiff { x: Some(6), y: Some(7) }" }
      Modified { entity: Entity { id: 2, generation: 0 }, type_name: "Position", diff_string: "PositionDiff { x: Some(7), y: Some(8) }" }
    WORLD_OPERATIONS: 0
  SYSTEM 1
    COMPONENT_CHANGES: 0
    WORLD_OPERATIONS: 0
  SYSTEM 2
    COMPONENT_CHANGES: 0
    WORLD_OPERATIONS: 0

UPDATE 467
SYSTEMS: 3
  SYSTEM 0
    COMPONENT_CHANGES: 3
      Modified { entity: Entity { id: 0, generation: 0 }, type_name: "Position", diff_string: "PositionDiff { x: Some(6), y: Some(7) }" }
      Modified { entity: Entity { id: 1, generation: 0 }, type_name: "Position", diff_string: "PositionDiff { x: Some(7), y: Some(8) }" }
      Modified { entity: Entity { id: 2, generation: 0 }, type_name: "Position", diff_string: "PositionDiff { x: Some(8), y: Some(9) }" }
    WORLD_OPERATIONS: 0
  SYSTEM 1
    COMPONENT_CHANGES: 0
    WORLD_OPERATIONS: 0
  SYSTEM 2
    COMPONENT_CHANGES: 0
    WORLD_OPERATIONS: 0

UPDATE 468
SYSTEMS: 3
  SYSTEM 0
    COMPONENT_CHANGES: 3
      Modified { entity: Entity { id: 0, generation: 0 }, type_name: "Position", diff_string: "PositionDiff { x: Some(7), y: Some(8) }" }
      Modified { entity: Entity { id: 1, generation: 0 }, type_name: "Position", diff_string: "PositionDiff { x: Some(8), y: Some(9) }" }
      Modified { entity: Entity { id: 2, generation: 0 }, type_name: "Position", diff_string: "PositionDiff { x: Some(9), y: Some(0) }" }
    WORLD_OPERATIONS: 0
  SYSTEM 1
    COMPONENT_CHANGES: 0
    WORLD_OPERATIONS: 0
  SYSTEM 2
    COMPONENT_CHANGES: 0
    WORLD_OPERATIONS: 0

UPDATE 469
SYSTEMS: 3
  SYSTEM 0
    COMPONENT_CHANGES: 3
      Modified { entity: Entity { id: 0, generation: 0 }, type_name: "Position", diff_string: "PositionDiff { x: Some(8), y: Some(9) }" }
      Modified { entity: Entity { id: 1, generation: 0 }, type_name: "Position", diff_string: "PositionDiff { x: Some(9), y: Some(0) }" }
      Modified { entity: Entity { id: 2, generation: 0 }, type_name: "Position", diff_string: "PositionDiff { x: Some(0), y: Some(1) }" }
    WORLD_OPERATIONS: 0
  SYSTEM 1
    COMPONENT_CHANGES: 0
    WORLD_OPERATIONS: 0
  SYSTEM 2
    COMPONENT_CHANGES: 0
    WORLD_OPERATIONS: 0

UPDATE 470
SYSTEMS: 3
  SYSTEM 0
    COMPONENT_CHANGES: 3
      Modified { entity: Entity { id: 0, generation: 0 }, type_name: "Position", diff_string: "PositionDiff { x: Some(9), y: Some(0) }" }
      Modified { entity: Entity { id: 1, generation: 0 }, type_name: "Position", diff_string: "PositionDiff { x: Some(0), y: Some(1) }" }
      Modified { entity: Entity { id: 2, generation: 0 }, type_name: "Position", diff_string: "PositionDiff { x: Some(1), y: Some(2) }" }
    WORLD_OPERATIONS: 0
  SYSTEM 1
    COMPONENT_CHANGES: 0
    WORLD_OPERATIONS: 0
  SYSTEM 2
    COMPONENT_CHANGES: 0
    WORLD_OPERATIONS: 0

UPDATE 471
SYSTEMS: 3
  SYSTEM 0
    COMPONENT_CHANGES: 3
      Modified { entity: Entity { id: 0, generation: 0 }, type_name: "Position", diff_string: "PositionDiff { x: Some(0), y: Some(1) }" }
      Modified { entity: Entity { id: 1, generation: 0 }, type_name: "Position", diff_string: "PositionDiff { x: Some(1), y: Some(2) }" }
      Modified { entity: Entity { id: 2, generation: 0 }, type_name: "Position", diff_string: "PositionDiff { x: Some(2), y: Some(3) }" }
    WORLD_OPERATIONS: 0
  SYSTEM 1
    COMPONENT_CHANGES: 1
      Modified { entity: Entity { id: 0, generation: 0 }, type_name: "WaitTimer", diff_string: "WaitTimerDiff { ticks: Some(5) }" }
    WORLD_OPERATIONS: 0
  SYSTEM 2
    COMPONENT_CHANGES: 0
    WORLD_OPERATIONS: 0

UPDATE 472
SYSTEMS: 3
  SYSTEM 0
    COMPONENT_CHANGES: 3
      Modified { entity: Entity { id: 0, generation: 0 }, type_name: "Position", diff_string: "PositionDiff { x: Some(1), y: Some(2) }" }
      Modified { entity: Entity { id: 1, generation: 0 }, type_name: "Position", diff_string: "PositionDiff { x: Some(2), y: Some(3) }" }
      Modified { entity: Entity { id: 2, generation: 0 }, type_name: "Position", diff_string: "PositionDiff { x: Some(3), y: Some(4) }" }
    WORLD_OPERATIONS: 0
  SYSTEM 1
    COMPONENT_CHANGES: 0
    WORLD_OPERATIONS: 0
  SYSTEM 2
    COMPONENT_CHANGES: 0
    WORLD_OPERATIONS: 0

UPDATE 473
SYSTEMS: 3
  SYSTEM 0
    COMPONENT_CHANGES: 3
      Modified { entity: Entity { id: 0, generation: 0 }, type_name: "Position", diff_string: "PositionDiff { x: Some(2), y: Some(3) }" }
      Modified { entity: Entity { id: 1, generation: 0 }, type_name: "Position", diff_string: "PositionDiff { x: Some(3), y: Some(4) }" }
      Modified { entity: Entity { id: 2, generation: 0 }, type_name: "Position", diff_string: "PositionDiff { x: Some(4), y: Some(5) }" }
    WORLD_OPERATIONS: 0
  SYSTEM 1
    COMPONENT_CHANGES: 0
    WORLD_OPERATIONS: 0
  SYSTEM 2
    COMPONENT_CHANGES: 0
    WORLD_OPERATIONS: 0

UPDATE 474
SYSTEMS: 3
  SYSTEM 0
    COMPONENT_CHANGES: 3
      Modified { entity: Entity { id: 0, generation: 0 }, type_name: "Position", diff_string: "PositionDiff { x: Some(3), y: Some(4) }" }
      Modified { entity: Entity { id: 1, generation: 0 }, type_name: "Position", diff_string: "PositionDiff { x: Some(4), y: Some(5) }" }
      Modified { entity: Entity { id: 2, generation: 0 }, type_name: "Position", diff_string: "PositionDiff { x: Some(5), y: Some(6) }" }
    WORLD_OPERATIONS: 0
  SYSTEM 1
    COMPONENT_CHANGES: 0
    WORLD_OPERATIONS: 0
  SYSTEM 2
    COMPONENT_CHANGES: 0
    WORLD_OPERATIONS: 0

UPDATE 475
SYSTEMS: 3
  SYSTEM 0
    COMPONENT_CHANGES: 3
      Modified { entity: Entity { id: 0, generation: 0 }, type_name: "Position", diff_string: "PositionDiff { x: Some(4), y: Some(5) }" }
      Modified { entity: Entity { id: 1, generation: 0 }, type_name: "Position", diff_string: "PositionDiff { x: Some(5), y: Some(6) }" }
      Modified { entity: Entity { id: 2, generation: 0 }, type_name: "Position", diff_string: "PositionDiff { x: Some(6), y: Some(7) }" }
    WORLD_OPERATIONS: 0
  SYSTEM 1
    COMPONENT_CHANGES: 0
    WORLD_OPERATIONS: 0
  SYSTEM 2
    COMPONENT_CHANGES: 0
    WORLD_OPERATIONS: 0

UPDATE 476
SYSTEMS: 3
  SYSTEM 0
    COMPONENT_CHANGES: 3
      Modified { entity: Entity { id: 0, generation: 0 }, type_name: "Position", diff_string: "PositionDiff { x: Some(5), y: Some(6) }" }
      Modified { entity: Entity { id: 1, generation: 0 }, type_name: "Position", diff_string: "PositionDiff { x: Some(6), y: Some(7) }" }
      Modified { entity: Entity { id: 2, generation: 0 }, type_name: "Position", diff_string: "PositionDiff { x: Some(7), y: Some(8) }" }
    WORLD_OPERATIONS: 0
  SYSTEM 1
    COMPONENT_CHANGES: 0
    WORLD_OPERATIONS: 0
  SYSTEM 2
    COMPONENT_CHANGES: 0
    WORLD_OPERATIONS: 0

UPDATE 477
SYSTEMS: 3
  SYSTEM 0
    COMPONENT_CHANGES: 3
      Modified { entity: Entity { id: 0, generation: 0 }, type_name: "Position", diff_string: "PositionDiff { x: Some(6), y: Some(7) }" }
      Modified { entity: Entity { id: 1, generation: 0 }, type_name: "Position", diff_string: "PositionDiff { x: Some(7), y: Some(8) }" }
      Modified { entity: Entity { id: 2, generation: 0 }, type_name: "Position", diff_string: "PositionDiff { x: Some(8), y: Some(9) }" }
    WORLD_OPERATIONS: 0
  SYSTEM 1
    COMPONENT_CHANGES: 0
    WORLD_OPERATIONS: 0
  SYSTEM 2
    COMPONENT_CHANGES: 0
    WORLD_OPERATIONS: 0

UPDATE 478
SYSTEMS: 3
  SYSTEM 0
    COMPONENT_CHANGES: 3
      Modified { entity: Entity { id: 0, generation: 0 }, type_name: "Position", diff_string: "PositionDiff { x: Some(7), y: Some(8) }" }
      Modified { entity: Entity { id: 1, generation: 0 }, type_name: "Position", diff_string: "PositionDiff { x: Some(8), y: Some(9) }" }
      Modified { entity: Entity { id: 2, generation: 0 }, type_name: "Position", diff_string: "PositionDiff { x: Some(9), y: Some(0) }" }
    WORLD_OPERATIONS: 0
  SYSTEM 1
    COMPONENT_CHANGES: 0
    WORLD_OPERATIONS: 0
  SYSTEM 2
    COMPONENT_CHANGES: 0
    WORLD_OPERATIONS: 0

UPDATE 479
SYSTEMS: 3
  SYSTEM 0
    COMPONENT_CHANGES: 3
      Modified { entity: Entity { id: 0, generation: 0 }, type_name: "Position", diff_string: "PositionDiff { x: Some(8), y: Some(9) }" }
      Modified { entity: Entity { id: 1, generation: 0 }, type_name: "Position", diff_string: "PositionDiff { x: Some(9), y: Some(0) }" }
      Modified { entity: Entity { id: 2, generation: 0 }, type_name: "Position", diff_string: "PositionDiff { x: Some(0), y: Some(1) }" }
    WORLD_OPERATIONS: 0
  SYSTEM 1
    COMPONENT_CHANGES: 0
    WORLD_OPERATIONS: 0
  SYSTEM 2
    COMPONENT_CHANGES: 0
    WORLD_OPERATIONS: 0

UPDATE 480
SYSTEMS: 3
  SYSTEM 0
    COMPONENT_CHANGES: 3
      Modified { entity: Entity { id: 0, generation: 0 }, type_name: "Position", diff_string: "PositionDiff { x: Some(9), y: Some(0) }" }
      Modified { entity: Entity { id: 1, generation: 0 }, type_name: "Position", diff_string: "PositionDiff { x: Some(0), y: Some(1) }" }
      Modified { entity: Entity { id: 2, generation: 0 }, type_name: "Position", diff_string: "PositionDiff { x: Some(1), y: Some(2) }" }
    WORLD_OPERATIONS: 0
  SYSTEM 1
    COMPONENT_CHANGES: 0
    WORLD_OPERATIONS: 0
  SYSTEM 2
    COMPONENT_CHANGES: 0
    WORLD_OPERATIONS: 0

UPDATE 481
SYSTEMS: 3
  SYSTEM 0
    COMPONENT_CHANGES: 3
      Modified { entity: Entity { id: 0, generation: 0 }, type_name: "Position", diff_string: "PositionDiff { x: Some(0), y: Some(1) }" }
      Modified { entity: Entity { id: 1, generation: 0 }, type_name: "Position", diff_string: "PositionDiff { x: Some(1), y: Some(2) }" }
      Modified { entity: Entity { id: 2, generation: 0 }, type_name: "Position", diff_string: "PositionDiff { x: Some(2), y: Some(3) }" }
    WORLD_OPERATIONS: 0
  SYSTEM 1
    COMPONENT_CHANGES: 1
      Modified { entity: Entity { id: 0, generation: 0 }, type_name: "WaitTimer", diff_string: "WaitTimerDiff { ticks: Some(5) }" }
    WORLD_OPERATIONS: 0
  SYSTEM 2
    COMPONENT_CHANGES: 0
    WORLD_OPERATIONS: 0

UPDATE 482
SYSTEMS: 3
  SYSTEM 0
    COMPONENT_CHANGES: 3
      Modified { entity: Entity { id: 0, generation: 0 }, type_name: "Position", diff_string: "PositionDiff { x: Some(1), y: Some(2) }" }
      Modified { entity: Entity { id: 1, generation: 0 }, type_name: "Position", diff_string: "PositionDiff { x: Some(2), y: Some(3) }" }
      Modified { entity: Entity { id: 2, generation: 0 }, type_name: "Position", diff_string: "PositionDiff { x: Some(3), y: Some(4) }" }
    WORLD_OPERATIONS: 0
  SYSTEM 1
    COMPONENT_CHANGES: 0
    WORLD_OPERATIONS: 0
  SYSTEM 2
    COMPONENT_CHANGES: 0
    WORLD_OPERATIONS: 0

UPDATE 483
SYSTEMS: 3
  SYSTEM 0
    COMPONENT_CHANGES: 3
      Modified { entity: Entity { id: 0, generation: 0 }, type_name: "Position", diff_string: "PositionDiff { x: Some(2), y: Some(3) }" }
      Modified { entity: Entity { id: 1, generation: 0 }, type_name: "Position", diff_string: "PositionDiff { x: Some(3), y: Some(4) }" }
      Modified { entity: Entity { id: 2, generation: 0 }, type_name: "Position", diff_string: "PositionDiff { x: Some(4), y: Some(5) }" }
    WORLD_OPERATIONS: 0
  SYSTEM 1
    COMPONENT_CHANGES: 0
    WORLD_OPERATIONS: 0
  SYSTEM 2
    COMPONENT_CHANGES: 0
    WORLD_OPERATIONS: 0

UPDATE 484
SYSTEMS: 3
  SYSTEM 0
    COMPONENT_CHANGES: 3
      Modified { entity: Entity { id: 0, generation: 0 }, type_name: "Position", diff_string: "PositionDiff { x: Some(3), y: Some(4) }" }
      Modified { entity: Entity { id: 1, generation: 0 }, type_name: "Position", diff_string: "PositionDiff { x: Some(4), y: Some(5) }" }
      Modified { entity: Entity { id: 2, generation: 0 }, type_name: "Position", diff_string: "PositionDiff { x: Some(5), y: Some(6) }" }
    WORLD_OPERATIONS: 0
  SYSTEM 1
    COMPONENT_CHANGES: 0
    WORLD_OPERATIONS: 0
  SYSTEM 2
    COMPONENT_CHANGES: 0
    WORLD_OPERATIONS: 0

UPDATE 485
SYSTEMS: 3
  SYSTEM 0
    COMPONENT_CHANGES: 3
      Modified { entity: Entity { id: 0, generation: 0 }, type_name: "Position", diff_string: "PositionDiff { x: Some(4), y: Some(5) }" }
      Modified { entity: Entity { id: 1, generation: 0 }, type_name: "Position", diff_string: "PositionDiff { x: Some(5), y: Some(6) }" }
      Modified { entity: Entity { id: 2, generation: 0 }, type_name: "Position", diff_string: "PositionDiff { x: Some(6), y: Some(7) }" }
    WORLD_OPERATIONS: 0
  SYSTEM 1
    COMPONENT_CHANGES: 0
    WORLD_OPERATIONS: 0
  SYSTEM 2
    COMPONENT_CHANGES: 0
    WORLD_OPERATIONS: 0

UPDATE 486
SYSTEMS: 3
  SYSTEM 0
    COMPONENT_CHANGES: 3
      Modified { entity: Entity { id: 0, generation: 0 }, type_name: "Position", diff_string: "PositionDiff { x: Some(5), y: Some(6) }" }
      Modified { entity: Entity { id: 1, generation: 0 }, type_name: "Position", diff_string: "PositionDiff { x: Some(6), y: Some(7) }" }
      Modified { entity: Entity { id: 2, generation: 0 }, type_name: "Position", diff_string: "PositionDiff { x: Some(7), y: Some(8) }" }
    WORLD_OPERATIONS: 0
  SYSTEM 1
    COMPONENT_CHANGES: 0
    WORLD_OPERATIONS: 0
  SYSTEM 2
    COMPONENT_CHANGES: 0
    WORLD_OPERATIONS: 0

UPDATE 487
SYSTEMS: 3
  SYSTEM 0
    COMPONENT_CHANGES: 3
      Modified { entity: Entity { id: 0, generation: 0 }, type_name: "Position", diff_string: "PositionDiff { x: Some(6), y: Some(7) }" }
      Modified { entity: Entity { id: 1, generation: 0 }, type_name: "Position", diff_string: "PositionDiff { x: Some(7), y: Some(8) }" }
      Modified { entity: Entity { id: 2, generation: 0 }, type_name: "Position", diff_string: "PositionDiff { x: Some(8), y: Some(9) }" }
    WORLD_OPERATIONS: 0
  SYSTEM 1
    COMPONENT_CHANGES: 0
    WORLD_OPERATIONS: 0
  SYSTEM 2
    COMPONENT_CHANGES: 0
    WORLD_OPERATIONS: 0

UPDATE 488
SYSTEMS: 3
  SYSTEM 0
    COMPONENT_CHANGES: 3
      Modified { entity: Entity { id: 0, generation: 0 }, type_name: "Position", diff_string: "PositionDiff { x: Some(7), y: Some(8) }" }
      Modified { entity: Entity { id: 1, generation: 0 }, type_name: "Position", diff_string: "PositionDiff { x: Some(8), y: Some(9) }" }
      Modified { entity: Entity { id: 2, generation: 0 }, type_name: "Position", diff_string: "PositionDiff { x: Some(9), y: Some(0) }" }
    WORLD_OPERATIONS: 0
  SYSTEM 1
    COMPONENT_CHANGES: 0
    WORLD_OPERATIONS: 0
  SYSTEM 2
    COMPONENT_CHANGES: 0
    WORLD_OPERATIONS: 0

UPDATE 489
SYSTEMS: 3
  SYSTEM 0
    COMPONENT_CHANGES: 3
      Modified { entity: Entity { id: 0, generation: 0 }, type_name: "Position", diff_string: "PositionDiff { x: Some(8), y: Some(9) }" }
      Modified { entity: Entity { id: 1, generation: 0 }, type_name: "Position", diff_string: "PositionDiff { x: Some(9), y: Some(0) }" }
      Modified { entity: Entity { id: 2, generation: 0 }, type_name: "Position", diff_string: "PositionDiff { x: Some(0), y: Some(1) }" }
    WORLD_OPERATIONS: 0
  SYSTEM 1
    COMPONENT_CHANGES: 0
    WORLD_OPERATIONS: 0
  SYSTEM 2
    COMPONENT_CHANGES: 0
    WORLD_OPERATIONS: 0

UPDATE 490
SYSTEMS: 3
  SYSTEM 0
    COMPONENT_CHANGES: 3
      Modified { entity: Entity { id: 0, generation: 0 }, type_name: "Position", diff_string: "PositionDiff { x: Some(9), y: Some(0) }" }
      Modified { entity: Entity { id: 1, generation: 0 }, type_name: "Position", diff_string: "PositionDiff { x: Some(0), y: Some(1) }" }
      Modified { entity: Entity { id: 2, generation: 0 }, type_name: "Position", diff_string: "PositionDiff { x: Some(1), y: Some(2) }" }
    WORLD_OPERATIONS: 0
  SYSTEM 1
    COMPONENT_CHANGES: 0
    WORLD_OPERATIONS: 0
  SYSTEM 2
    COMPONENT_CHANGES: 0
    WORLD_OPERATIONS: 0

UPDATE 491
SYSTEMS: 3
  SYSTEM 0
    COMPONENT_CHANGES: 3
      Modified { entity: Entity { id: 0, generation: 0 }, type_name: "Position", diff_string: "PositionDiff { x: Some(0), y: Some(1) }" }
      Modified { entity: Entity { id: 1, generation: 0 }, type_name: "Position", diff_string: "PositionDiff { x: Some(1), y: Some(2) }" }
      Modified { entity: Entity { id: 2, generation: 0 }, type_name: "Position", diff_string: "PositionDiff { x: Some(2), y: Some(3) }" }
    WORLD_OPERATIONS: 0
  SYSTEM 1
    COMPONENT_CHANGES: 1
      Modified { entity: Entity { id: 0, generation: 0 }, type_name: "WaitTimer", diff_string: "WaitTimerDiff { ticks: Some(5) }" }
    WORLD_OPERATIONS: 0
  SYSTEM 2
    COMPONENT_CHANGES: 0
    WORLD_OPERATIONS: 0

UPDATE 492
SYSTEMS: 3
  SYSTEM 0
    COMPONENT_CHANGES: 3
      Modified { entity: Entity { id: 0, generation: 0 }, type_name: "Position", diff_string: "PositionDiff { x: Some(1), y: Some(2) }" }
      Modified { entity: Entity { id: 1, generation: 0 }, type_name: "Position", diff_string: "PositionDiff { x: Some(2), y: Some(3) }" }
      Modified { entity: Entity { id: 2, generation: 0 }, type_name: "Position", diff_string: "PositionDiff { x: Some(3), y: Some(4) }" }
    WORLD_OPERATIONS: 0
  SYSTEM 1
    COMPONENT_CHANGES: 0
    WORLD_OPERATIONS: 0
  SYSTEM 2
    COMPONENT_CHANGES: 0
    WORLD_OPERATIONS: 0

UPDATE 493
SYSTEMS: 3
  SYSTEM 0
    COMPONENT_CHANGES: 3
      Modified { entity: Entity { id: 0, generation: 0 }, type_name: "Position", diff_string: "PositionDiff { x: Some(2), y: Some(3) }" }
      Modified { entity: Entity { id: 1, generation: 0 }, type_name: "Position", diff_string: "PositionDiff { x: Some(3), y: Some(4) }" }
      Modified { entity: Entity { id: 2, generation: 0 }, type_name: "Position", diff_string: "PositionDiff { x: Some(4), y: Some(5) }" }
    WORLD_OPERATIONS: 0
  SYSTEM 1
    COMPONENT_CHANGES: 0
    WORLD_OPERATIONS: 0
  SYSTEM 2
    COMPONENT_CHANGES: 0
    WORLD_OPERATIONS: 0

UPDATE 494
SYSTEMS: 3
  SYSTEM 0
    COMPONENT_CHANGES: 3
      Modified { entity: Entity { id: 0, generation: 0 }, type_name: "Position", diff_string: "PositionDiff { x: Some(3), y: Some(4) }" }
      Modified { entity: Entity { id: 1, generation: 0 }, type_name: "Position", diff_string: "PositionDiff { x: Some(4), y: Some(5) }" }
      Modified { entity: Entity { id: 2, generation: 0 }, type_name: "Position", diff_string: "PositionDiff { x: Some(5), y: Some(6) }" }
    WORLD_OPERATIONS: 0
  SYSTEM 1
    COMPONENT_CHANGES: 0
    WORLD_OPERATIONS: 0
  SYSTEM 2
    COMPONENT_CHANGES: 0
    WORLD_OPERATIONS: 0

UPDATE 495
SYSTEMS: 3
  SYSTEM 0
    COMPONENT_CHANGES: 3
      Modified { entity: Entity { id: 0, generation: 0 }, type_name: "Position", diff_string: "PositionDiff { x: Some(4), y: Some(5) }" }
      Modified { entity: Entity { id: 1, generation: 0 }, type_name: "Position", diff_string: "PositionDiff { x: Some(5), y: Some(6) }" }
      Modified { entity: Entity { id: 2, generation: 0 }, type_name: "Position", diff_string: "PositionDiff { x: Some(6), y: Some(7) }" }
    WORLD_OPERATIONS: 0
  SYSTEM 1
    COMPONENT_CHANGES: 0
    WORLD_OPERATIONS: 0
  SYSTEM 2
    COMPONENT_CHANGES: 0
    WORLD_OPERATIONS: 0

UPDATE 496
SYSTEMS: 3
  SYSTEM 0
    COMPONENT_CHANGES: 3
      Modified { entity: Entity { id: 0, generation: 0 }, type_name: "Position", diff_string: "PositionDiff { x: Some(5), y: Some(6) }" }
      Modified { entity: Entity { id: 1, generation: 0 }, type_name: "Position", diff_string: "PositionDiff { x: Some(6), y: Some(7) }" }
      Modified { entity: Entity { id: 2, generation: 0 }, type_name: "Position", diff_string: "PositionDiff { x: Some(7), y: Some(8) }" }
    WORLD_OPERATIONS: 0
  SYSTEM 1
    COMPONENT_CHANGES: 0
    WORLD_OPERATIONS: 0
  SYSTEM 2
    COMPONENT_CHANGES: 0
    WORLD_OPERATIONS: 0

UPDATE 497
SYSTEMS: 3
  SYSTEM 0
    COMPONENT_CHANGES: 3
      Modified { entity: Entity { id: 0, generation: 0 }, type_name: "Position", diff_string: "PositionDiff { x: Some(6), y: Some(7) }" }
      Modified { entity: Entity { id: 1, generation: 0 }, type_name: "Position", diff_string: "PositionDiff { x: Some(7), y: Some(8) }" }
      Modified { entity: Entity { id: 2, generation: 0 }, type_name: "Position", diff_string: "PositionDiff { x: Some(8), y: Some(9) }" }
    WORLD_OPERATIONS: 0
  SYSTEM 1
    COMPONENT_CHANGES: 0
    WORLD_OPERATIONS: 0
  SYSTEM 2
    COMPONENT_CHANGES: 0
    WORLD_OPERATIONS: 0

UPDATE 498
SYSTEMS: 3
  SYSTEM 0
    COMPONENT_CHANGES: 3
      Modified { entity: Entity { id: 0, generation: 0 }, type_name: "Position", diff_string: "PositionDiff { x: Some(7), y: Some(8) }" }
      Modified { entity: Entity { id: 1, generation: 0 }, type_name: "Position", diff_string: "PositionDiff { x: Some(8), y: Some(9) }" }
      Modified { entity: Entity { id: 2, generation: 0 }, type_name: "Position", diff_string: "PositionDiff { x: Some(9), y: Some(0) }" }
    WORLD_OPERATIONS: 0
  SYSTEM 1
    COMPONENT_CHANGES: 0
    WORLD_OPERATIONS: 0
  SYSTEM 2
    COMPONENT_CHANGES: 0
    WORLD_OPERATIONS: 0

UPDATE 499
SYSTEMS: 3
  SYSTEM 0
    COMPONENT_CHANGES: 3
      Modified { entity: Entity { id: 0, generation: 0 }, type_name: "Position", diff_string: "PositionDiff { x: Some(8), y: Some(9) }" }
      Modified { entity: Entity { id: 1, generation: 0 }, type_name: "Position", diff_string: "PositionDiff { x: Some(9), y: Some(0) }" }
      Modified { entity: Entity { id: 2, generation: 0 }, type_name: "Position", diff_string: "PositionDiff { x: Some(0), y: Some(1) }" }
    WORLD_OPERATIONS: 0
  SYSTEM 1
    COMPONENT_CHANGES: 0
    WORLD_OPERATIONS: 0
  SYSTEM 2
    COMPONENT_CHANGES: 0
    WORLD_OPERATIONS: 0

UPDATE 500
SYSTEMS: 3
  SYSTEM 0
    COMPONENT_CHANGES: 3
      Modified { entity: Entity { id: 0, generation: 0 }, type_name: "Position", diff_string: "PositionDiff { x: Some(9), y: Some(0) }" }
      Modified { entity: Entity { id: 1, generation: 0 }, type_name: "Position", diff_string: "PositionDiff { x: Some(0), y: Some(1) }" }
      Modified { entity: Entity { id: 2, generation: 0 }, type_name: "Position", diff_string: "PositionDiff { x: Some(1), y: Some(2) }" }
    WORLD_OPERATIONS: 0
  SYSTEM 1
    COMPONENT_CHANGES: 0
    WORLD_OPERATIONS: 0
  SYSTEM 2
    COMPONENT_CHANGES: 0
    WORLD_OPERATIONS: 0

# End of replay log - Total updates: 500
